timestamp,symbol,price,beta,banker,momentum_4w,return_20d,tier,theme,theme_score,pure_play_score,theme_verdict,final_decision,conviction,sector_status,upside_potential,bullish_factors,risk_factors,reasoning,passed_all_gates
2026-02-22 21:18:15,ETON,17.93,0.97,0.0,19.6,19.6,T1,Healthcare Contrarian Recovery,0.0,95,GOOD FIT,PASS,8,BULLISH,High (50%+),"ET-600 PDUFA decision Feb 25 with strong approval odds; Revenue growth accelerating: +129% YoY Q3, 19 consecutive quarters growth; Analyst consensus $30.50 target (+70% upside), 3 Buy/0 Hold ratings","Binary FDA decision in 3 days creates volatility; Small addressable markets (3,000 patients for ET-600); Execution risk on multiple pipeline programs",This is a classic binary biotech catalyst play with exceptional risk/reward. ETON has built a profitable rare disease franchise ($22.5M quarterly revenue; +129% growth) while approaching a major FDA decision that could unlock $100M+ in peak sales. The company's perfect FDA approval track record and ,YES
2026-02-22 21:18:15,SGRY,15.54,0.67,0.0,-3.7,-3.7,T2,Healthcare Contrarian Recovery,0.0,85,STRONG FIT,FAIL,2,BEARISH,Uncertain,Potential Bain Capital acquisition at $25.75; Secular shift to outpatient surgery; Mid-teens EBITDA growth historically,Earnings in 9 days with negative setup; Guidance reliability destroyed; High leverage with 7.25% debt costs; Commercial payer mix deteriorating,DISQUALIFIED on binary earnings risk. Earnings in 9 days with recent guidance cuts and negative revision trajectory violates fundamental regime rules for earnings timing.,NO
2026-02-22 21:18:15,RELY,17.15,0.93,0.0,21.0,21.0,T3,Cross-Border Digital Payments & Remittances,7.3,95,STRONG FIT [RESCUED],PASS,8,BULLISH,High (50%+),"Massive earnings beat ($0.19 vs $0.02 est) with raised 2026 guidance above analyst estimates; New product suite scaling rapidly - Flex users at 120K, Business customers 15K+ with 2x transaction sizes;",Technical overbought condition following earnings pop creates near-term pullback risk; Fintech regulatory environment tightening with increased compliance costs; Cross-border payments facing competiti,RELY demonstrates exceptional fundamental momentum with first-year GAAP profitability; 29% revenue growth; and 93% EBITDA growth while trading at reasonable forward multiples. New product pipeline scaling rapidly with management expecting revenue doubling in 2026. Technical overbought condition is t,YES
2026-02-22 21:18:15,NPB,17.97,0.72,0.0,-0.8,-0.8,T3,Specialized Mortgage Banking Technology,6.7,70,GOOD FIT [RESCUED],PASS,5,BULLISH,High (50%+),"Strong MPP growth trajectory ($4.1B-$4.3B target); CEO buying stock aggressively (37,655 shares in Feb); New AI mortgage platform with 60% cost reduction potential",Earnings miss trend continues; Wholesale funding concentration; Mortgage cycle sensitivity,<cite index='5-19;11-11'>NPB recently missed Q4 earnings consensus ($0.52 vs $0.60 est)</cite> but <cite index='22-1;22-4'>delivered 15% EPS growth with strong asset expansion to $7B and positive 2026 guidance for continued growth</cite>. The specialized mortgage technology angle is compelling with ,YES
2026-02-27 21:40:50,ARTV,5.82,1.25,20.0,True,63.1,True,True,True,1,T1,49.6,49.6,False
2026-02-27 21:40:50,IKT,2.05,1.48,20.0,True,60.4,False,True,True,3,T3,36.7,36.7,False
2026-02-27 21:40:50,LRMR,5.31,1.62,20.0,True,65.8,True,True,True,1,T1,50.0,50.0,False
2026-02-27 21:40:50,RCKT,5.01,1.19,20.0,True,65.6,False,True,True,3,T3,44.0,44.0,False
2026-02-27 21:40:50,CCCC,2.7,1.55,19.26,True,59.1,True,True,True,1,T1,42.1,42.1,False
2026-02-27 21:40:50,ASIC,22.12,0.18,17.96,True,58.4,False,True,True,3,T3,24.2,24.2,False
2026-02-27 21:40:50,NGNE,23.49,1.86,17.48,True,57.5,False,True,True,3,T3,33.0,33.0,False
2026-02-27 21:40:50,LWLG,4.41,1.3,12.66,True,57.6,False,True,True,3,T3,33.6,33.6,False
2026-02-27 21:40:50,MBOT,2.41,1.68,7.8,True,52.4,True,True,True,1,T1,33.9,33.9,False
2026-02-27 21:40:50,ATLX,5.29,1.53,5.71,True,52.8,True,True,True,1,T1,5.2,5.2,False
2026-02-27 21:40:50,SGMO,0.43,1.28,0.0,False,45.4,True,True,True,2,T2,-19.9,-19.9,False
2026-02-27 21:54:27,ARTV,5.82,1.25,20.0,True,63.1,True,True,True,1,T1,49.6,49.6,False
2026-02-27 21:54:27,IKT,2.05,1.48,20.0,True,60.4,False,True,True,3,T3,36.7,36.7,False
2026-02-27 21:54:27,LRMR,5.31,1.62,20.0,True,65.8,True,True,True,1,T1,50.0,50.0,False
2026-02-27 21:54:27,RCKT,5.01,1.19,20.0,True,65.6,False,True,True,3,T3,44.0,44.0,False
2026-02-27 21:54:27,CCCC,2.7,1.55,19.26,True,59.1,True,True,True,1,T1,42.1,42.1,False
2026-02-27 21:54:27,ASIC,22.12,0.18,17.96,True,58.4,False,True,True,3,T3,24.2,24.2,False
2026-02-27 21:54:27,NGNE,23.49,1.86,17.48,True,57.5,False,True,True,3,T3,33.0,33.0,False
2026-02-27 21:54:27,LWLG,4.41,1.3,12.66,True,57.6,False,True,True,3,T3,33.6,33.6,False
2026-02-27 21:54:27,MBOT,2.41,1.68,7.8,True,52.4,True,True,True,1,T1,33.9,33.9,False
2026-02-27 21:54:27,ATLX,5.29,1.53,5.71,True,52.8,True,True,True,1,T1,5.2,5.2,False
2026-02-27 21:54:27,SGMO,0.43,1.28,0.0,False,45.4,True,True,True,2,T2,-19.9,-19.9,False
2026-02-28 09:33:33,ARTV,5.82,1.25,20.0,True,63.1,True,True,True,1,T1,49.6,49.6,False
2026-02-28 09:33:33,IKT,2.05,1.48,20.0,True,60.4,False,True,True,3,T3,36.7,36.7,False
2026-02-28 09:33:33,LRMR,5.31,1.62,20.0,True,65.8,True,True,True,1,T1,50.0,50.0,False
2026-02-28 09:33:33,RCKT,5.01,1.19,20.0,True,65.6,False,True,True,3,T3,44.0,44.0,False
2026-02-28 09:33:33,SEPN,29.02,1.18,20.0,True,64.5,False,True,True,3,T3,24.3,24.3,False
2026-02-28 09:33:33,CCCC,2.7,1.55,19.26,True,59.1,True,True,True,1,T1,42.1,42.1,False
2026-02-28 09:33:33,ASIC,22.12,0.18,17.96,True,58.4,False,True,True,3,T3,24.2,24.2,False
2026-02-28 09:33:33,NGNE,23.49,1.86,17.48,True,57.5,False,True,True,3,T3,33.0,33.0,False
2026-02-28 09:33:33,CNTA,26.86,0.97,16.24,True,60.2,False,True,True,3,T3,9.3,9.3,False
2026-02-28 09:33:33,CRSP,60.14,1.25,15.37,True,57.4,False,True,True,3,T3,20.4,20.4,False
2026-02-28 09:33:33,LWLG,4.41,1.3,12.66,True,57.6,False,True,True,3,T3,33.6,33.6,False
2026-02-28 09:33:33,VAC,65.01,1.69,12.66,True,54.7,False,True,True,3,T3,19.7,19.7,False
2026-02-28 09:33:33,OSIS,285.2,1.17,11.16,False,57.5,True,True,True,2,T2,14.0,14.0,False
2026-02-28 09:33:33,MBOT,2.41,1.68,7.8,True,52.4,True,True,True,1,T1,33.9,33.9,False
2026-02-28 09:33:33,ATLX,5.29,1.53,5.71,True,52.8,True,True,True,1,T1,5.2,5.2,False
2026-02-28 09:33:33,SGMO,0.43,1.28,0.0,False,45.2,True,True,True,2,T2,-20.4,-20.4,False
2026-03-06 21:46:16,CLDX,29.43,1.14,19.37,False,60.8,True,True,True,2,T2,23.9,23.9,False
2026-03-06 21:46:16,BAND,16.55,1.24,19.13,True,59.3,True,True,True,1,T1,23.2,23.2,False
2026-03-06 21:46:16,SOC,14.37,2.23,15.6,True,54.4,False,True,True,3,T3,81.0,81.0,False
2026-03-06 21:46:16,SABR,1.59,2.06,7.94,True,49.6,True,True,True,1,T1,34.2,34.2,False
2026-03-06 21:46:16,MEG,27.0,1.57,7.4,False,54.2,True,True,True,2,T2,9.4,9.4,False
2026-03-06 21:46:16,HNST,2.93,1.39,6.92,True,48.4,False,True,True,3,T3,27.9,27.9,False
2026-03-06 21:46:16,XPER,6.16,1.22,6.13,True,50.4,False,True,True,3,T3,14.5,14.5,False
2026-03-06 21:46:16,SEZL,73.47,2.45,3.9,True,50.2,False,True,True,3,T3,8.5,8.5,False
2026-03-06 21:46:16,PROK,2.3,2.08,3.02,True,51.6,False,True,True,3,T3,23.0,23.0,False
2026-03-06 21:46:16,CVI,26.83,0.94,0.94,True,49.3,False,True,True,3,T3,9.3,9.3,False
2026-03-06 21:46:16,GOGO,5.23,1.52,0.0,False,39.8,True,True,True,2,T2,25.1,25.1,False
2026-03-06 21:54:32,CLDX,29.43,1.14,19.37,False,60.8,True,True,True,2,T2,23.9,23.9,False
2026-03-06 21:54:32,BAND,16.55,1.24,19.13,True,59.3,True,True,True,1,T1,23.2,23.2,False
2026-03-06 21:54:32,SOC,14.37,2.23,15.6,True,54.4,False,True,True,3,T3,81.0,81.0,False
2026-03-06 21:54:32,SABR,1.59,2.06,7.94,True,49.6,True,True,True,1,T1,34.2,34.2,False
2026-03-06 21:54:32,MEG,27.0,1.57,7.4,False,54.2,True,True,True,2,T2,9.4,9.4,False
2026-03-06 21:54:32,HNST,2.93,1.39,6.92,True,48.4,False,True,True,3,T3,27.9,27.9,False
2026-03-06 21:54:32,XPER,6.16,1.22,6.13,True,50.4,False,True,True,3,T3,14.5,14.5,False
2026-03-06 21:54:32,SEZL,73.47,2.45,3.9,True,50.2,False,True,True,3,T3,8.5,8.5,False
2026-03-06 21:54:32,PROK,2.3,2.08,3.02,True,51.6,False,True,True,3,T3,23.0,23.0,False
2026-03-06 21:54:32,CVI,26.83,0.94,0.94,True,49.3,False,True,True,3,T3,9.3,9.3,False
2026-03-06 21:54:32,GOGO,5.23,1.52,0.0,False,39.8,True,True,True,2,T2,25.1,25.1,False
2026-03-13 21:31:55,BCAX,19.19,1.51,20.0,True,62.0,False,True,True,3,T3,35.0,35.0,False
2026-03-13 21:31:55,CZR,28.06,1.45,20.0,True,61.0,False,True,True,3,T3,54.7,54.7,False
2026-03-13 21:31:55,GEVO,2.38,1.3,20.0,True,62.9,False,True,True,3,T3,28.0,28.0,False
2026-03-13 21:31:55,HIMX,9.84,1.63,20.0,True,62.8,True,True,True,1,T1,27.5,27.5,False
2026-03-13 21:31:55,RES,6.52,1.3,20.0,True,62.9,False,True,True,3,T3,12.0,12.0,False
2026-03-13 21:31:55,RLMD,5.91,1.05,20.0,False,76.5,True,True,True,2,T2,58.9,58.9,False
2026-03-13 21:31:55,ROMA,5.4,0.59,20.0,True,76.8,False,True,True,3,T3,158.4,158.4,False
2026-03-13 21:31:55,WOOF,3.62,0.82,20.0,True,61.9,True,True,True,1,T1,44.2,44.2,False
2026-03-13 21:31:55,WEYS,33.01,1.14,15.53,True,58.5,True,True,True,1,T1,4.8,4.8,False
2026-03-13 21:31:55,VYGR,4.45,1.37,15.22,True,57.6,True,True,True,1,T1,31.4,31.4,False
2026-03-13 21:31:55,VKTX,35.63,1.45,11.3,True,55.6,False,True,True,3,T3,22.9,22.9,False
2026-03-13 21:31:55,DDD,2.42,1.85,9.43,True,54.2,False,True,True,3,T3,16.3,16.3,False
2026-03-13 21:31:55,BMBL,3.77,1.31,2.27,True,47.0,True,True,True,1,T1,37.1,37.1,False
2026-03-13 21:31:55,LFMD,3.98,1.42,2.25,True,45.6,False,True,True,3,T3,43.2,43.2,False
2026-03-13 21:31:55,TONX,3.35,1.85,1.12,True,46.7,False,True,True,3,T3,59.5,59.5,False
2026-03-13 21:31:55,FRHC,131.99,1.24,0.1,True,46.9,True,True,True,1,T1,13.4,13.4,False
2026-03-13 21:31:55,EMPD,4.39,1.51,0.0,False,42.8,True,True,True,2,T2,16.8,16.8,False
2026-03-13 21:31:55,WIX,88.09,1.15,0.0,False,42.3,True,True,True,2,T2,27.2,27.2,False
2026-03-13 21:59:49,BCAX,19.19,1.51,20.0,True,62.0,False,True,True,3,T3,35.0,35.0,False
2026-03-13 21:59:49,CZR,28.06,1.45,20.0,True,61.0,False,True,True,3,T3,54.7,54.7,False
2026-03-13 21:59:49,GEVO,2.38,1.3,20.0,True,62.9,False,True,True,3,T3,28.0,28.0,False
2026-03-13 21:59:49,HIMX,9.84,1.63,20.0,True,62.8,True,True,True,1,T1,27.5,27.5,False
2026-03-13 21:59:49,RES,6.52,1.3,20.0,True,62.9,False,True,True,3,T3,12.0,12.0,False
2026-03-13 21:59:49,RLMD,5.91,1.05,20.0,False,76.5,True,True,True,2,T2,58.9,58.9,False
2026-03-13 21:59:49,ROMA,5.4,0.59,20.0,True,76.8,False,True,True,3,T3,158.4,158.4,False
2026-03-13 21:59:49,WOOF,3.62,0.82,20.0,True,61.9,True,True,True,1,T1,44.2,44.2,False
2026-03-13 21:59:49,WEYS,33.01,1.14,15.53,True,58.5,True,True,True,1,T1,4.8,4.8,False
2026-03-13 21:59:49,VYGR,4.45,1.37,15.22,True,57.6,True,True,True,1,T1,31.4,31.4,False
2026-03-13 21:59:49,VKTX,35.63,1.45,11.3,True,55.6,False,True,True,3,T3,22.9,22.9,False
2026-03-13 21:59:49,DDD,2.42,1.85,9.43,True,54.2,False,True,True,3,T3,16.3,16.3,False
2026-03-13 21:59:49,BMBL,3.77,1.31,2.27,True,47.0,True,True,True,1,T1,37.1,37.1,False
2026-03-13 21:59:49,LFMD,3.98,1.42,2.25,True,45.6,False,True,True,3,T3,43.2,43.2,False
2026-03-13 21:59:49,TONX,3.35,1.85,1.12,True,46.7,False,True,True,3,T3,59.5,59.5,False
2026-03-13 21:59:49,FRHC,131.99,1.24,0.1,True,46.9,True,True,True,1,T1,13.4,13.4,False
2026-03-13 21:59:49,EMPD,4.39,1.51,0.0,False,42.8,True,True,True,2,T2,16.8,16.8,False
2026-03-13 21:59:49,WIX,88.09,1.15,0.0,False,42.3,True,True,True,2,T2,27.2,27.2,False
2026-03-24 20:31:10,KODK,8.37,1.64,17.67,True,59.7,False,True,True,3,T3,14.3,9.8,False
2026-03-24 20:31:10,OSW,22.96,1.29,16.55,True,58.8,True,True,True,1,T1,6.9,5.5,False
2026-03-24 20:31:10,MKTW,16.22,0.71,13.2,True,56.4,True,True,True,1,T1,19.3,17.3,False
2026-03-24 20:31:10,AENT,7.47,1.13,12.97,True,57.9,False,True,True,3,T3,38.1,50.9,False
2026-03-24 20:31:10,CARG,34.83,1.07,6.62,True,52.9,False,True,True,3,T3,13.5,15.1,False
2026-03-24 20:31:10,EYE,27.5,1.21,4.8,True,54.4,False,True,True,3,T3,2.0,6.3,False
2026-03-24 20:31:10,ABSI,3.01,1.85,3.05,True,50.7,False,True,True,3,T3,9.9,9.9,False
2026-03-24 20:31:10,NTNX,39.31,1.18,0.0,False,31.3,True,True,True,2,T2,2.7,2.3,False
2026-04-05 11:16:54,CENX,62.57,1.83,20.0,True,71.6,True,True,True,4,T4,16.5,16.5,False
2026-04-05 11:16:54,FLY,32.93,2.94,20.0,True,58.4,False,True,True,6,T6,66.9,66.9,False
2026-04-05 11:16:54,SNX,186.92,1.03,20.0,True,72.3,True,True,True,4,T4,19.5,19.5,False
2026-04-05 11:16:54,BFLY,4.11,2.36,18.89,True,61.6,False,True,True,6,T6,12.6,12.6,False
2026-04-05 11:16:54,AZ,7.48,1.28,16.72,True,56.2,False,True,True,3,T3,37.8,37.8,False
2026-04-05 11:16:54,PROP,2.41,1.12,16.69,True,55.3,False,True,True,6,T6,50.6,50.6,False
2026-04-05 11:16:54,SRPT,23.23,1.37,16.69,True,52.7,False,True,True,3,T3,39.0,39.0,False
2026-04-05 11:16:54,ACLS,95.09,1.81,15.2,False,58.4,True,True,True,5,T5,15.6,15.6,False
2026-04-05 11:16:54,IMTX,10.35,1.29,14.32,True,58.8,False,True,True,6,T6,5.0,5.0,False
2026-04-05 11:16:54,WH,82.16,0.96,11.4,True,55.0,False,True,True,6,T6,7.6,7.6,False
2026-04-05 11:16:54,KARO,49.68,1.07,11.34,True,55.1,True,True,True,4,T4,6.8,6.8,False
2026-04-05 11:16:54,VOR,18.05,1.3,9.52,True,52.0,False,True,True,3,T3,19.4,19.4,False
2026-04-05 11:16:54,RDCM,12.5,0.75,4.94,True,50.6,False,True,True,6,T6,11.6,11.6,False
2026-04-05 11:16:54,ABSI,3.06,2.2,4.72,True,51.2,False,True,True,6,T6,28.6,28.6,False
2026-04-05 11:16:54,XNCR,12.81,1.45,2.48,True,50.9,False,True,True,6,T6,13.2,13.2,False
2026-04-05 11:16:54,BRZE,23.68,1.47,1.63,True,48.2,True,True,True,4,T4,17.6,17.6,False
2026-04-05 11:16:54,EVLV,6.03,1.53,0.88,True,49.2,False,True,True,6,T6,18.7,18.7,False
2026-04-05 11:16:54,NTNX,41.1,1.23,0.0,False,37.3,True,True,True,2,T2,3.2,3.2,False
2026-04-14 20:39:23,AMKR,60.44,2.2,20.0,False,73.1,True,True,True,5,T5,31.9,35.4,False
2026-04-14 20:39:23,BELFA,221.06,1.6,20.0,False,69.5,True,True,True,5,T5,16.6,17.0,False
2026-04-14 20:39:23,CTOS,7.36,1.58,20.0,True,61.6,True,True,True,4,T4,21.1,19.5,False
2026-04-14 20:39:23,FEIM,58.22,1.24,20.0,True,63.4,False,True,True,6,T6,44.2,21.4,False
2026-04-14 20:39:23,GILT,18.28,1.33,20.0,True,64.0,False,True,True,6,T6,12.5,11.5,False
2026-04-14 20:39:23,HUT,69.76,3.18,20.0,False,72.8,True,True,True,5,T5,47.0,36.3,False
2026-04-14 20:39:23,KALU,143.42,1.33,20.0,False,67.1,True,True,True,5,T5,34.0,20.9,False
2026-04-14 20:39:23,KNX,61.84,1.05,20.0,False,63.1,True,True,True,5,T5,16.1,16.3,False
2026-04-14 20:39:23,LPTH,14.41,1.42,20.0,False,68.5,True,True,True,5,T5,36.8,31.0,False
2026-04-14 20:39:23,MTRN,167.33,1.27,20.0,False,64.9,True,True,True,5,T5,26.7,16.1,False
2026-04-14 20:39:23,NBBK,22.35,0.69,20.0,False,64.4,True,True,True,5,T5,9.2,6.6,False
2026-04-14 20:39:23,PPIH,34.85,1.45,20.0,True,62.7,False,True,True,6,T6,21.7,22.3,False
2026-04-14 20:39:23,RMBS,113.16,2.46,20.0,True,61.2,False,True,True,6,T6,23.4,22.0,False
2026-04-14 20:39:23,SBLK,24.73,0.75,20.0,True,64.4,False,True,True,6,T6,10.7,11.3,False
2026-04-14 20:39:23,SGML,17.39,1.71,20.0,True,63.7,True,True,True,4,T4,92.3,53.4,False
2026-04-14 20:39:23,SITM,447.08,2.73,20.0,False,66.6,True,True,True,5,T5,37.4,30.8,False
2026-04-14 20:39:23,ST,38.99,1.63,20.0,False,63.5,True,True,True,5,T5,17.5,14.5,False
2026-04-14 20:39:23,VPG,51.96,1.65,20.0,False,64.7,True,True,True,5,T5,27.9,26.2,False
2026-04-14 20:39:23,XHR,16.1,1.22,20.0,False,63.0,True,True,True,5,T5,13.9,12.8,False
2026-04-14 20:39:23,NPB,18.75,0.73,18.56,True,60.5,True,True,True,4,T4,14.1,8.4,False
2026-04-14 20:39:23,STOK,35.05,1.14,18.54,True,62.5,False,True,True,6,T6,4.6,3.2,False
2026-04-14 20:39:23,ATOM,5.45,2.6,18.23,True,59.4,False,True,True,6,T6,28.2,14.3,False
2026-04-14 20:39:23,UCB,34.17,1.05,17.43,True,59.6,False,True,True,6,T6,13.5,14.2,False
2026-04-14 20:39:23,EVR,350.54,1.77,17.22,True,58.9,False,True,True,6,T6,27.5,28.7,False
2026-04-14 20:39:23,ASB,27.86,1.17,17.13,True,59.4,False,True,True,6,T6,14.0,13.3,False
2026-04-14 20:39:23,ZION,61.53,1.24,16.12,True,59.0,False,True,True,6,T6,13.8,14.9,False
2026-04-14 20:39:23,ASTL,5.01,1.46,15.97,True,56.4,False,True,True,6,T6,40.3,39.9,False
2026-04-14 20:39:23,GCO,32.65,1.76,15.33,True,57.1,False,True,True,6,T6,31.4,24.0,False
2026-04-14 20:39:23,FNB,17.8,1.13,15.28,True,58.9,False,True,True,6,T6,11.2,11.0,False
2026-04-14 20:39:23,ENTA,14.27,1.05,15.05,True,59.5,False,True,True,6,T6,14.1,10.5,False
2026-04-14 20:39:23,TORO,3.91,0.71,15.05,True,60.3,False,True,True,6,T6,13.3,6.3,False
2026-04-14 20:39:23,RIOT,17.37,2.78,14.84,True,57.2,True,True,True,4,T4,29.8,20.6,False
2026-04-14 20:39:23,ATKR,68.7,1.39,14.76,True,56.3,True,True,True,4,T4,22.4,22.3,False
2026-04-14 20:39:23,CIFR,17.76,3.26,14.7,True,58.1,False,True,True,6,T6,26.8,17.3,False
2026-04-14 20:39:23,CORZ,18.71,2.36,14.32,True,57.4,True,True,True,4,T4,18.3,10.3,False
2026-04-14 20:39:23,SVRA,5.92,0.97,14.29,True,59.1,False,True,True,6,T6,19.4,13.2,False
2026-04-14 20:39:23,CABA,3.2,1.73,14.27,True,57.7,False,True,True,6,T6,8.8,0.0,False
2026-04-14 20:39:23,REZI,38.23,1.56,14.08,True,57.6,False,True,True,6,T6,16.6,12.3,False
2026-04-14 20:39:23,POET,7.3,2.37,13.75,True,57.2,True,True,True,4,T4,23.1,5.6,False
2026-04-14 20:39:23,PIPR,85.54,1.51,13.48,True,56.6,False,True,True,6,T6,16.3,17.5,False
2026-04-14 20:39:23,SHAK,100.65,1.52,13.1,True,55.3,False,True,True,6,T6,14.9,11.2,False
2026-04-14 20:39:23,FLR,49.56,1.52,13.05,True,56.9,False,True,True,6,T6,10.3,13.1,False
2026-04-14 20:39:23,WEX,165.94,1.25,12.35,True,56.2,False,True,True,6,T6,5.8,5.8,False
2026-04-14 20:39:23,AGL,21.63,0.68,11.75,True,51.3,False,True,True,6,T6,103.1,45.4,False
2026-04-14 20:39:23,HYPR,1.24,1.66,11.33,True,55.4,False,True,True,3,T3,0.0,4.2,False
2026-04-14 20:39:23,ACIU,3.3,1.04,11.23,True,55.9,False,True,True,6,T6,15.8,5.4,False
2026-04-14 20:39:23,DKS,210.57,1.3,9.97,False,53.8,True,True,True,2,T2,11.5,12.9,False
2026-04-14 20:39:23,LYEL,24.8,1.47,9.9,True,55.9,False,True,True,6,T6,29.7,17.4,False
2026-04-14 20:39:23,CAL,12.89,1.42,9.18,True,52.7,False,True,True,3,T3,20.9,38.9,False
2026-04-14 20:39:23,OSCR,15.48,1.18,8.96,True,52.7,True,True,True,1,T1,22.6,16.6,False
2026-04-14 20:39:23,ALLY,41.94,1.21,8.63,True,54.3,False,True,True,6,T6,9.1,16.6,False
2026-04-14 20:39:23,JLL,324.54,1.14,8.13,True,54.7,False,True,True,6,T6,10.5,8.0,False
2026-04-14 20:39:23,VOYG,30.06,2.99,7.99,True,51.6,False,True,True,6,T6,17.8,9.5,False
2026-04-14 20:39:23,NNNN,28.54,0.28,6.3,True,52.2,True,True,True,4,T4,21.2,30.8,False
2026-04-14 20:39:23,SCSC,39.16,1.14,5.95,True,51.0,True,True,True,4,T4,13.1,10.5,False
2026-04-14 20:39:23,BTDR,11.24,3.05,3.97,True,49.7,True,True,True,1,T1,38.7,37.1,False
2026-04-14 20:39:23,IDYA,32.82,1.13,3.89,True,53.3,False,True,True,6,T6,0.2,-5.7,False
2026-04-14 20:39:23,KE,26.28,1.29,3.61,True,51.5,False,True,True,6,T6,12.1,12.9,False
2026-04-14 20:39:23,PHAT,12.67,1.35,3.14,True,51.6,False,True,True,6,T6,13.0,21.4,False
2026-04-14 20:39:23,EVI,22.52,1.19,2.68,False,50.2,True,True,True,5,T5,9.5,13.1,False
2026-04-14 20:39:23,WBTN,11.56,1.55,2.32,True,49.1,False,True,True,6,T6,34.7,28.7,False
2026-04-14 20:39:23,OUST,21.88,2.41,2.08,True,50.1,False,True,True,6,T6,9.1,2.7,False
2026-04-14 20:39:23,ABCL,3.66,1.52,1.66,True,49.7,True,True,True,4,T4,7.6,2.8,False
2026-04-14 20:39:23,DFIN,48.91,1.06,1.4,True,49.6,False,True,True,6,T6,5.2,-0.4,False
2026-04-14 20:39:23,CLSK,10.76,2.74,0.83,True,49.0,False,True,True,6,T6,14.5,7.4,False
2026-04-14 20:39:23,TBBK,59.55,1.37,0.71,True,48.5,False,True,True,6,T6,13.2,12.2,False
2026-04-14 20:39:23,MEDP,501.23,1.07,0.62,True,50.5,False,True,True,6,T6,10.8,10.5,False
2026-04-14 20:39:23,ENVX,5.98,2.63,0.0,False,42.5,True,True,True,2,T2,23.0,17.9,False
2026-04-14 20:39:23,PINS,18.02,1.24,0.0,False,36.0,True,True,True,2,T2,-3.5,-1.4,False
2026-04-14 20:39:23,SSTK,17.51,1.23,0.0,False,47.6,True,True,True,2,T2,5.1,7.8,False
2026-04-14 20:39:23,TRIP,11.13,1.63,0.0,False,42.3,True,True,True,2,T2,19.0,16.9,False
2026-04-14 20:45:07,AMKR,60.44,2.2,20.0,False,73.1,True,True,True,5,T5,31.9,35.4,False
2026-04-14 20:45:07,BELFA,221.06,1.6,20.0,False,69.5,True,True,True,5,T5,16.6,17.0,False
2026-04-14 20:45:07,CTOS,7.36,1.58,20.0,True,61.6,True,True,True,4,T4,21.1,19.5,False
2026-04-14 20:45:07,FEIM,58.22,1.24,20.0,True,63.4,False,True,True,6,T6,44.2,21.4,False
2026-04-14 20:45:07,GILT,18.28,1.33,20.0,True,64.0,False,True,True,6,T6,12.5,11.5,False
2026-04-14 20:45:07,HUT,69.76,3.18,20.0,False,72.8,True,True,True,5,T5,47.0,36.3,False
2026-04-14 20:45:07,KALU,143.42,1.33,20.0,False,67.1,True,True,True,5,T5,34.0,20.9,False
2026-04-14 20:45:07,KNX,61.84,1.05,20.0,False,63.1,True,True,True,5,T5,16.1,16.3,False
2026-04-14 20:45:07,LPTH,14.41,1.42,20.0,False,68.5,True,True,True,5,T5,36.8,31.0,False
2026-04-14 20:45:07,MTRN,167.33,1.27,20.0,False,64.9,True,True,True,5,T5,26.7,16.1,False
2026-04-14 20:45:07,NBBK,22.35,0.69,20.0,False,64.4,True,True,True,5,T5,9.2,6.6,False
2026-04-14 20:45:07,PPIH,34.85,1.45,20.0,True,62.7,False,True,True,6,T6,21.7,22.3,False
2026-04-14 20:45:07,RMBS,113.16,2.46,20.0,True,61.2,False,True,True,6,T6,23.4,22.0,False
2026-04-14 20:45:07,SBLK,24.73,0.75,20.0,True,64.4,False,True,True,6,T6,10.7,11.3,False
2026-04-14 20:45:07,SGML,17.39,1.71,20.0,True,63.7,True,True,True,4,T4,92.3,53.4,False
2026-04-14 20:45:07,SITM,447.08,2.73,20.0,False,66.6,True,True,True,5,T5,37.4,30.8,False
2026-04-14 20:45:07,ST,38.99,1.63,20.0,False,63.5,True,True,True,5,T5,17.5,14.5,False
2026-04-14 20:45:07,XHR,16.1,1.22,20.0,False,63.0,True,True,True,5,T5,13.9,12.8,False
2026-04-14 20:45:07,NPB,18.75,0.73,18.56,True,60.5,True,True,True,4,T4,14.1,8.4,False
2026-04-14 20:45:07,STOK,35.05,1.14,18.54,True,62.5,False,True,True,6,T6,4.6,3.2,False
2026-04-14 20:45:07,ATOM,5.45,2.6,18.23,True,59.4,False,True,True,6,T6,28.2,14.3,False
2026-04-14 20:45:07,UCB,34.17,1.05,17.43,True,59.6,False,True,True,6,T6,13.5,14.2,False
2026-04-14 20:45:07,EVR,350.54,1.77,17.22,True,58.9,False,True,True,6,T6,27.5,28.7,False
2026-04-14 20:45:07,ASB,27.86,1.17,17.13,True,59.4,False,True,True,6,T6,14.0,13.3,False
2026-04-14 20:45:07,ZION,61.53,1.24,16.12,True,59.0,False,True,True,6,T6,13.8,14.9,False
2026-04-14 20:45:07,ASTL,5.01,1.46,15.97,True,56.4,False,True,True,6,T6,40.3,39.9,False
2026-04-14 20:45:07,CRNT,2.39,1.52,15.89,True,56.0,False,True,True,3,T3,11.7,3.9,False
2026-04-14 20:45:07,GKOS,119.49,1.34,15.59,True,58.5,False,True,True,6,T6,18.3,20.8,False
2026-04-14 20:45:07,GCO,32.65,1.76,15.33,True,57.1,False,True,True,6,T6,31.4,24.0,False
2026-04-14 20:45:07,FNB,17.8,1.13,15.28,True,58.9,False,True,True,6,T6,11.2,11.0,False
2026-04-14 20:45:07,ENTA,14.27,1.05,15.05,True,59.5,False,True,True,6,T6,14.1,10.5,False
2026-04-14 20:45:07,TORO,3.91,0.71,15.05,True,60.3,False,True,True,6,T6,13.3,6.3,False
2026-04-14 20:45:07,HBNC,17.7,0.94,15.01,True,58.1,False,True,True,6,T6,13.0,12.1,False
2026-04-14 20:45:07,RIOT,17.37,2.78,14.84,True,57.2,True,True,True,4,T4,29.8,20.6,False
2026-04-14 20:45:07,ATKR,68.7,1.39,14.76,True,56.3,True,True,True,4,T4,22.4,22.3,False
2026-04-14 20:45:07,CIFR,17.76,3.26,14.7,True,58.1,False,True,True,6,T6,26.8,17.3,False
2026-04-14 20:45:07,CUBI,74.87,1.27,14.65,True,58.2,False,True,True,6,T6,13.0,12.8,False
2026-04-14 20:45:07,CORZ,18.71,2.36,14.32,True,57.4,True,True,True,4,T4,18.3,10.3,False
2026-04-14 20:45:07,SVRA,5.92,0.97,14.29,True,59.1,False,True,True,6,T6,19.4,13.2,False
2026-04-14 20:45:07,CABA,3.2,1.73,14.27,True,57.7,False,True,True,6,T6,8.8,0.0,False
2026-04-14 20:45:07,REZI,38.23,1.56,14.08,True,57.6,False,True,True,6,T6,16.6,12.3,False
2026-04-14 20:45:07,POET,7.3,2.37,13.75,True,57.2,True,True,True,4,T4,23.1,5.6,False
2026-04-14 20:45:07,SHAK,100.65,1.52,13.1,True,55.3,False,True,True,6,T6,14.9,11.2,False
2026-04-14 20:45:07,FLR,49.56,1.52,13.05,True,56.9,False,True,True,6,T6,10.3,13.1,False
2026-04-14 20:45:07,DCTH,10.45,1.4,12.78,True,53.8,False,True,True,3,T3,15.2,6.5,False
2026-04-14 20:45:07,WEX,165.94,1.25,12.35,True,56.2,False,True,True,6,T6,5.8,5.8,False
2026-04-14 20:45:07,AGL,21.63,0.68,11.75,True,51.3,False,True,True,6,T6,103.1,45.4,False
2026-04-14 20:45:07,HYPR,1.24,1.66,11.33,True,55.4,False,True,True,3,T3,0.0,4.2,False
2026-04-14 20:45:07,ACIU,3.3,1.04,11.23,True,55.9,False,True,True,6,T6,15.8,5.4,False
2026-04-14 20:45:07,DKS,210.57,1.3,9.97,False,53.8,True,True,True,2,T2,11.5,12.9,False
2026-04-14 20:45:07,LYEL,24.8,1.47,9.9,True,55.9,False,True,True,6,T6,29.7,17.4,False
2026-04-14 20:45:07,CAL,12.89,1.42,9.18,True,52.7,False,True,True,3,T3,20.9,38.9,False
2026-04-14 20:45:07,OSCR,15.48,1.18,8.96,True,52.7,True,True,True,1,T1,22.6,16.6,False
2026-04-14 20:45:07,ALLY,41.94,1.21,8.63,True,54.3,False,True,True,6,T6,9.1,16.6,False
2026-04-14 20:45:07,JLL,324.54,1.14,8.13,True,54.7,False,True,True,6,T6,10.5,8.0,False
2026-04-14 20:45:07,VOYG,30.06,2.99,7.99,True,51.6,False,True,True,6,T6,17.8,9.5,False
2026-04-14 20:45:07,NNNN,28.54,0.28,6.3,True,52.2,True,True,True,4,T4,21.2,30.8,False
2026-04-14 20:45:07,SCSC,39.16,1.14,5.95,True,51.0,True,True,True,4,T4,13.1,10.5,False
2026-04-14 20:45:07,BTDR,11.24,3.05,3.97,True,49.7,True,True,True,1,T1,38.7,37.1,False
2026-04-14 20:45:07,IDYA,32.82,1.13,3.89,True,53.3,False,True,True,6,T6,0.2,-5.7,False
2026-04-14 20:45:07,KE,26.28,1.29,3.61,True,51.5,False,True,True,6,T6,12.1,12.9,False
2026-04-14 20:45:07,PHAT,12.67,1.35,3.14,True,51.6,False,True,True,6,T6,13.0,21.4,False
2026-04-14 20:45:07,EVI,22.52,1.19,2.68,False,50.2,True,True,True,5,T5,9.5,13.1,False
2026-04-14 20:45:07,WBTN,11.56,1.55,2.32,True,49.1,False,True,True,6,T6,34.7,28.7,False
2026-04-14 20:45:07,OUST,21.88,2.41,2.08,True,50.1,False,True,True,6,T6,9.1,2.7,False
2026-04-14 20:45:07,ABCL,3.66,1.52,1.66,True,49.7,True,True,True,4,T4,7.6,2.8,False
2026-04-14 20:45:07,DFIN,48.91,1.06,1.4,True,49.6,False,True,True,6,T6,5.2,-0.4,False
2026-04-14 20:45:07,CLSK,10.76,2.74,0.83,True,49.0,False,True,True,6,T6,14.5,7.4,False
2026-04-14 20:45:07,TBBK,59.55,1.37,0.71,True,48.5,False,True,True,6,T6,13.2,12.2,False
2026-04-14 20:45:07,MEDP,501.23,1.07,0.62,True,50.5,False,True,True,6,T6,10.8,10.5,False
2026-04-14 20:45:07,ENVX,5.98,2.63,0.0,False,42.5,True,True,True,2,T2,23.0,17.9,False
2026-04-14 20:45:07,PINS,18.02,1.24,0.0,False,36.0,True,True,True,2,T2,-3.5,-1.4,False
2026-04-14 20:45:07,SSTK,17.51,1.23,0.0,False,47.6,True,True,True,2,T2,5.1,7.8,False
2026-04-14 20:45:07,TRIP,11.13,1.63,0.0,False,42.3,True,True,True,2,T2,19.0,16.9,False
2026-04-18 11:53:22,AGL,30.05,0.73,20.0,True,59.2,False,True,True,6,T6,182.2,182.2,False
2026-04-18 11:53:22,ALLY,45.36,1.23,20.0,True,61.0,True,True,True,4,T4,18.0,18.0,False
2026-04-18 11:53:22,ALNT,74.4,1.22,20.0,False,72.7,True,True,True,5,T5,23.3,23.3,False
2026-04-18 11:53:22,AMKR,67.37,2.2,20.0,False,77.1,True,True,True,5,T5,47.1,47.1,False
2026-04-18 11:53:22,ANNX,6.54,1.26,20.0,True,64.2,False,True,True,6,T6,28.0,28.0,False
2026-04-18 11:53:22,AUR,5.27,2.44,20.0,True,59.0,False,True,True,6,T6,27.6,27.6,False
2026-04-18 11:53:22,AXGN,38.5,0.89,20.0,True,64.7,False,True,True,6,T6,25.1,25.1,False
2026-04-18 11:53:22,BELFA,234.62,1.6,20.0,False,73.0,True,True,True,5,T5,23.8,23.8,False
2026-04-18 11:53:22,CABA,3.44,1.72,20.0,True,60.5,False,True,True,6,T6,17.0,17.0,False
2026-04-18 11:53:22,CFR,143.33,0.92,20.0,False,63.5,True,True,True,5,T5,8.4,8.4,False
2026-04-18 11:53:22,CIFR,19.37,3.27,20.0,True,61.2,False,True,True,6,T6,38.3,38.3,False
2026-04-18 11:53:22,CORZ,19.85,2.35,20.0,True,60.4,True,True,True,4,T4,25.6,25.6,False
2026-04-18 11:53:22,CRNT,2.52,1.53,20.0,True,60.5,False,True,True,6,T6,17.8,17.8,False
2026-04-18 11:53:22,CTOS,7.61,1.57,20.0,True,63.6,True,True,True,4,T4,25.2,25.2,False
2026-04-18 11:53:22,CUBI,77.42,1.27,20.0,True,61.3,False,True,True,6,T6,16.9,16.9,False
2026-04-18 11:53:22,CVLG,30.49,1.17,20.0,True,65.2,False,True,True,6,T6,20.5,20.5,False
2026-04-18 11:53:22,DAVE,250.71,2.39,20.0,True,60.4,True,True,True,4,T4,19.5,19.5,False
2026-04-18 11:53:22,DKS,224.36,1.31,20.0,True,60.2,True,True,True,1,T1,18.9,18.9,False
2026-04-18 11:53:22,EGHA,10.26,0.0,20.0,True,64.5,False,True,True,6,T6,0.8,0.8,False
2026-04-18 11:53:22,ENVA,162.81,1.37,20.0,True,64.2,False,True,True,6,T6,20.6,20.6,False
2026-04-18 11:53:22,EVR,362.91,1.76,20.0,True,61.3,False,True,True,6,T6,32.0,32.0,False
2026-04-18 11:53:22,FEIM,57.1,1.22,20.0,True,62.6,False,True,True,6,T6,41.4,41.4,False
2026-04-18 11:53:22,GCO,36.0,1.77,20.0,True,61.3,False,True,True,6,T6,44.9,44.9,False
2026-04-18 11:53:22,GILT,19.17,1.33,20.0,True,66.2,True,True,True,4,T4,18.0,18.0,False
2026-04-18 11:53:22,GKOS,124.79,1.34,20.0,True,61.3,True,True,True,4,T4,23.6,23.6,False
2026-04-18 11:53:22,HUT,74.9,3.18,20.0,False,75.3,True,True,True,5,T5,57.8,57.8,False
2026-04-18 11:53:22,KALU,148.35,1.33,20.0,False,68.8,True,True,True,5,T5,38.6,38.6,False
2026-04-18 11:53:22,KNX,64.42,1.04,20.0,False,65.9,True,True,True,5,T5,20.9,20.9,False
2026-04-18 11:53:22,LPTH,14.16,1.39,20.0,False,67.9,True,True,True,5,T5,34.5,34.5,False
2026-04-18 11:53:22,MRBK,20.49,0.73,20.0,False,69.3,True,True,True,5,T5,9.5,9.5,False
2026-04-18 11:53:22,MTRN,181.95,1.28,20.0,False,69.2,True,True,True,5,T5,37.8,37.8,False
2026-04-18 11:53:22,NBBK,22.5,0.69,20.0,False,65.4,True,True,True,5,T5,10.0,10.0,False
2026-04-18 11:53:22,NESR,24.29,1.19,20.0,False,70.7,True,True,True,5,T5,17.7,17.7,False
2026-04-18 11:53:22,NPB,19.19,0.73,20.0,True,62.9,True,True,True,4,T4,17.0,17.0,False
2026-04-18 11:53:22,OXM,44.89,1.28,20.0,True,58.6,False,True,True,6,T6,31.2,31.2,False
2026-04-18 11:53:22,PIPR,90.6,1.51,20.0,True,60.9,True,True,True,4,T4,23.2,23.2,False
2026-04-18 11:53:22,REZI,40.28,1.56,20.0,True,61.0,True,True,True,4,T4,22.8,22.8,False
2026-04-18 11:53:22,RMBS,126.93,2.47,20.0,True,66.9,True,True,True,4,T4,38.4,38.4,False
2026-04-18 11:53:22,SBLK,24.45,0.74,20.0,True,63.6,False,True,True,6,T6,9.5,9.5,False
2026-04-18 11:53:22,SGML,19.72,1.69,20.0,True,67.1,True,True,True,4,T4,118.0,118.0,False
2026-04-18 11:53:22,SHIM,5.28,0.8,20.0,True,73.0,True,True,True,4,T4,73.1,73.1,False
2026-04-18 11:53:22,SITM,503.63,2.73,20.0,False,71.5,True,True,True,5,T5,54.8,54.8,False
2026-04-18 11:53:22,SMTC,107.71,2.49,20.0,True,71.6,True,True,True,4,T4,46.3,46.3,False
2026-04-18 11:53:22,ST,40.67,1.63,20.0,False,66.5,True,True,True,5,T5,22.6,22.6,False
2026-04-18 11:53:22,STOK,37.27,1.14,20.0,True,66.4,False,True,True,6,T6,11.2,11.2,False
2026-04-18 11:53:22,TSHA,6.43,1.46,20.0,True,70.5,True,True,True,4,T4,46.1,46.1,False
2026-04-18 11:53:22,TWST,59.81,2.08,20.0,True,72.0,False,True,True,6,T6,42.2,42.2,False
2026-04-18 11:53:22,VICR,218.05,1.98,20.0,False,74.1,True,True,True,5,T5,32.5,32.5,False
2026-04-18 11:53:22,VPG,53.22,1.65,20.0,False,65.8,True,True,True,5,T5,31.0,31.0,False
2026-04-18 11:53:22,XHR,16.25,1.22,20.0,False,63.8,True,True,True,5,T5,15.0,15.0,False
2026-04-18 11:53:22,LUMN,8.57,2.04,19.95,True,60.4,False,True,True,6,T6,32.0,32.0,False
2026-04-18 11:53:22,JLL,346.43,1.15,19.94,True,60.7,False,True,True,6,T6,17.9,17.9,False
2026-04-18 11:53:22,PK,11.41,1.25,19.62,True,59.7,True,True,True,4,T4,13.8,13.8,False
2026-04-18 11:53:22,ZION,62.73,1.23,19.56,True,60.8,True,True,True,4,T4,16.1,16.1,False
2026-04-18 11:53:22,WEX,173.5,1.25,19.22,True,59.8,False,True,True,6,T6,10.6,10.6,False
2026-04-18 11:53:22,ASB,28.14,1.17,19.05,True,60.4,True,True,True,4,T4,15.2,15.2,False
2026-04-18 11:53:22,TITN,20.35,1.27,18.97,True,59.7,False,True,True,6,T6,36.8,36.8,False
2026-04-18 11:53:22,HBNC,18.01,0.94,18.61,True,59.9,False,True,True,6,T6,15.0,15.0,False
2026-04-18 11:53:22,NRIX,17.51,1.37,18.55,True,59.9,False,True,True,6,T6,21.3,21.3,False
2026-04-18 11:53:22,NTLA,14.95,1.72,18.41,True,58.1,False,True,True,6,T6,16.4,16.4,False
2026-04-18 11:53:22,MATW,27.54,0.95,18.3,True,59.8,True,True,True,4,T4,15.2,15.2,False
2026-04-18 11:53:22,RCEL,5.14,1.37,18.27,True,57.3,False,True,True,6,T6,30.1,30.1,False
2026-04-18 11:53:22,OPRT,5.88,1.59,18.26,True,57.6,True,True,True,4,T4,32.1,32.1,False
2026-04-18 11:53:22,DCTH,10.86,1.39,18.24,True,56.6,False,True,True,6,T6,19.7,19.7,False
2026-04-18 11:53:22,RIOT,18.11,2.78,18.19,True,58.9,True,True,True,4,T4,35.4,35.4,False
2026-04-18 11:53:22,PRM,27.8,1.1,17.65,True,60.6,False,True,True,6,T6,34.4,34.4,False
2026-04-18 11:53:22,ATOM,5.35,2.57,17.31,True,58.9,False,True,True,6,T6,25.9,25.9,False
2026-04-18 11:53:22,UCB,34.15,1.05,17.31,True,59.6,False,True,True,6,T6,13.4,13.4,False
2026-04-18 11:53:22,HYPR,1.31,1.64,17.24,True,58.2,False,True,True,6,T6,5.6,5.6,False
2026-04-18 11:53:22,LQDA,39.47,1.06,17.14,True,61.4,False,True,True,6,T6,8.4,8.4,False
2026-04-18 11:53:22,RPAY,4.11,1.18,17.11,True,56.1,False,True,True,6,T6,58.7,58.7,False
2026-04-18 11:53:22,FNB,17.94,1.13,16.97,True,59.8,False,True,True,6,T6,12.1,12.1,False
2026-04-18 11:53:22,EWBC,118.02,1.16,16.91,True,59.5,False,True,True,6,T6,14.0,14.0,False
2026-04-18 11:53:22,SHAK,103.73,1.52,16.53,True,57.1,False,True,True,6,T6,18.4,18.4,False
2026-04-18 11:53:22,RVLV,27.3,1.61,16.22,True,58.0,False,True,True,6,T6,23.5,23.5,False
2026-04-18 11:53:22,ATKR,69.12,1.39,15.74,True,56.8,True,True,True,4,T4,23.2,23.2,False
2026-04-18 11:53:22,TFIN,66.38,1.34,15.46,True,57.2,True,True,True,4,T4,18.1,18.1,False
2026-04-18 11:53:22,SF,82.32,1.33,15.33,True,57.8,False,True,True,6,T6,16.3,16.3,False
2026-04-18 11:53:22,URBN,74.18,1.27,15.3,True,57.0,False,True,True,6,T6,17.0,17.0,False
2026-04-18 11:53:22,SOPH,5.28,1.0,15.22,True,59.2,False,True,True,6,T6,6.5,6.5,False
2026-04-18 11:53:22,TORO,3.91,0.71,15.05,True,60.3,False,True,True,6,T6,13.3,13.3,False
2026-04-18 11:53:22,AOUT,9.63,1.15,15.02,True,56.6,False,True,True,6,T6,19.2,19.2,False
2026-04-18 11:53:22,SGMT,6.47,1.91,14.74,True,55.0,True,True,True,4,T4,34.2,34.2,False
2026-04-18 11:53:22,CAL,13.71,1.43,14.7,True,55.6,False,True,True,3,T3,28.6,28.6,False
2026-04-18 11:53:22,BCAL,18.8,0.77,14.66,True,58.1,False,True,True,6,T6,9.2,9.2,False
2026-04-18 11:53:22,CEVA,23.42,2.15,14.5,True,55.3,True,True,True,4,T4,26.1,26.1,False
2026-04-18 11:53:22,ONIT,45.83,1.1,14.42,True,57.3,False,True,True,6,T6,23.6,23.6,False
2026-04-18 11:53:22,RJET,21.05,1.12,14.31,True,57.0,True,True,True,4,T4,25.8,25.8,False
2026-04-18 11:53:22,IONQ,46.09,2.82,13.8,True,55.1,False,True,True,6,T6,47.7,47.7,False
2026-04-18 11:53:22,MIST,2.1,1.45,13.68,True,56.4,True,True,True,4,T4,54.4,54.4,False
2026-04-18 11:53:22,NMRK,16.53,1.29,13.4,True,55.4,False,True,True,6,T6,15.9,15.9,False
2026-04-18 11:53:22,POET,7.26,2.34,13.34,True,57.0,True,True,True,4,T4,22.4,22.4,False
2026-04-18 11:53:22,HIFS,307.64,1.1,13.15,True,56.6,False,True,True,6,T6,13.3,13.3,False
2026-04-18 11:53:22,GPRO,1.28,1.85,13.11,True,54.1,False,True,True,6,T6,104.5,104.5,False
2026-04-18 11:53:22,BTDR,12.89,3.06,13.08,True,54.0,True,True,True,4,T4,58.9,58.9,False
2026-04-18 11:53:22,UNCY,7.02,0.92,13.04,True,57.5,False,True,True,6,T6,4.3,4.3,False
2026-04-18 11:53:22,LC,17.44,1.98,12.42,True,55.5,False,True,True,6,T6,24.7,24.7,False
2026-04-18 11:53:22,MC,67.59,1.49,12.39,True,55.0,False,True,True,6,T6,25.2,25.2,False
2026-04-18 11:53:22,ABCL,4.01,1.53,12.18,True,54.6,True,True,True,4,T4,17.9,17.9,False
2026-04-18 11:53:22,AFRM,64.5,2.47,12.07,True,54.0,False,True,True,6,T6,47.2,47.2,False
2026-04-18 11:53:22,VOYG,31.31,2.9,12.01,True,53.8,False,True,True,6,T6,22.7,22.7,False
2026-04-18 11:53:22,FLYW,13.61,0.95,11.94,True,55.1,False,True,True,6,T6,14.3,14.3,False
2026-04-18 11:53:22,DFIN,52.46,1.06,11.92,True,54.8,False,True,True,6,T6,12.9,12.9,False
2026-04-18 11:53:22,SHOO,39.8,1.32,11.85,True,56.4,False,True,True,6,T6,25.0,25.0,False
2026-04-18 11:53:22,SVRA,5.78,0.97,11.39,True,57.7,False,True,True,6,T6,16.5,16.5,False
2026-04-18 11:53:22,OUST,24.26,2.41,10.95,True,54.2,True,True,True,4,T4,21.0,21.0,False
2026-04-18 11:53:22,ASTL,4.74,1.46,10.86,True,53.8,False,True,True,6,T6,32.8,32.8,False
2026-04-18 11:53:22,OSCR,15.79,1.18,10.69,True,53.6,True,True,True,1,T1,25.0,25.0,False
2026-04-18 11:53:22,RUM,6.32,2.09,10.51,True,52.1,True,True,True,1,T1,21.5,21.5,False
2026-04-18 11:53:22,CLSK,11.97,2.75,9.81,True,53.2,False,True,True,6,T6,27.3,27.3,False
2026-04-18 11:53:22,IDYA,33.91,1.12,8.59,True,55.6,False,True,True,6,T6,3.5,3.5,False
2026-04-18 11:53:22,ANTA,9.3,1.55,8.56,True,50.7,True,True,True,4,T4,26.0,26.0,False
2026-04-18 11:53:22,SG,6.87,1.81,8.52,True,48.4,False,True,True,6,T6,30.1,30.1,False
2026-04-18 11:53:22,WBTN,12.2,1.55,8.07,True,51.9,False,True,True,6,T6,42.2,42.2,False
2026-04-18 11:53:22,SCSC,39.55,1.13,8.06,True,52.1,True,True,True,4,T4,14.2,14.2,False
2026-04-18 11:53:22,CWK,14.63,1.38,7.99,True,52.9,False,True,True,6,T6,23.6,23.6,False
2026-04-18 11:53:22,PHAT,13.19,1.35,7.59,True,53.7,False,True,True,6,T6,17.7,17.7,False
2026-04-18 11:53:22,MEDP,520.6,1.07,7.43,True,53.8,False,True,True,6,T6,15.0,15.0,False
2026-04-18 11:53:22,LYEL,24.01,1.46,7.23,True,54.6,False,True,True,6,T6,25.6,25.6,False
2026-04-18 11:53:22,TBBK,61.7,1.37,7.11,True,51.6,False,True,True,6,T6,17.3,17.3,False
2026-04-18 11:53:22,KE,26.81,1.29,7.06,True,53.1,False,True,True,6,T6,14.4,14.4,False
2026-04-18 11:53:22,ASUR,9.15,0.86,6.97,True,53.0,True,True,True,4,T4,9.3,9.3,False
2026-04-18 11:53:22,CARS,10.59,1.11,6.81,True,50.6,False,True,True,6,T6,34.1,34.1,False
2026-04-18 11:53:22,DSP,11.61,1.49,6.78,True,52.9,True,True,True,4,T4,2.0,2.0,False
2026-04-18 11:53:22,BRKR,40.7,1.18,4.14,True,51.0,False,True,True,6,T6,22.2,22.2,False
2026-04-18 11:53:22,RGTI,19.81,2.81,3.98,True,50.3,False,True,True,6,T6,33.1,33.1,False
2026-04-18 11:53:22,XNET,6.56,1.33,3.8,True,51.4,False,True,True,6,T6,12.5,12.5,False
2026-04-18 11:53:22,TREE,47.96,1.29,2.5,True,49.6,False,True,True,6,T6,18.7,18.7,False
2026-04-18 11:53:22,NNOX,2.85,1.73,2.49,True,47.6,False,True,True,3,T3,18.3,18.3,False
2026-04-18 11:53:22,NNNN,27.15,0.26,2.42,True,50.5,True,True,True,4,T4,15.3,15.3,False
2026-04-18 11:53:22,FA,12.51,1.03,2.15,True,48.4,True,True,True,4,T4,17.0,17.0,False
2026-04-18 11:53:22,OCUL,9.82,1.39,2.02,True,49.5,False,True,True,6,T6,20.0,20.0,False
2026-04-18 11:53:22,ENVX,6.62,2.62,1.56,True,47.1,True,True,True,1,T1,36.2,36.2,False
2026-04-18 11:53:22,SSTK,17.69,1.23,0.91,True,48.4,True,True,True,4,T4,6.2,6.2,False
2026-04-18 11:53:22,CRNC,8.7,2.68,0.83,True,48.6,False,True,True,3,T3,27.2,27.2,False
2026-04-18 11:53:22,CNDT,1.63,1.11,0.82,True,45.9,False,True,True,3,T3,35.8,35.8,False
2026-04-18 11:53:22,BRCB,14.94,2.3,0.0,False,40.1,True,True,True,5,T5,-0.3,-0.3,False
2026-04-18 11:53:22,CMRC,2.94,1.27,0.0,False,40.1,True,True,True,5,T5,10.1,10.1,False
2026-04-18 11:53:22,COUR,6.36,1.08,0.0,False,44.1,True,True,True,5,T5,8.9,8.9,False
2026-04-18 11:53:22,MGNI,13.71,1.74,0.0,False,47.0,True,True,True,2,T2,10.7,10.7,False
2026-04-18 11:53:22,MYGN,5.08,1.16,0.0,False,45.2,True,True,True,5,T5,10.9,10.9,False
2026-04-18 11:53:22,NCNO,18.46,0.99,0.0,False,43.4,True,True,True,5,T5,21.4,21.4,False
2026-04-18 11:53:22,OMDA,14.14,1.23,0.0,False,46.2,True,True,True,5,T5,4.7,4.7,False
2026-04-18 11:53:22,PINS,20.12,1.25,0.0,False,42.5,True,True,True,5,T5,7.7,7.7,False
2026-04-18 11:53:22,SWKS,58.99,1.58,0.0,False,46.7,True,True,True,2,T2,8.4,8.4,False
2026-04-18 11:53:22,TRIP,11.39,1.63,0.0,False,43.9,True,True,True,5,T5,21.8,21.8,False
2026-04-18 11:53:22,VIA,17.45,1.32,0.0,False,34.4,True,True,True,5,T5,21.5,21.5,False
2026-04-18 13:45:05,AGL,30.05,0.73,20.0,True,59.2,False,True,True,6,T6,182.2,182.2,False
2026-04-18 13:45:05,ALNT,74.4,1.22,20.0,False,72.7,True,True,True,5,T5,23.3,23.3,False
2026-04-18 13:45:05,ANNX,6.54,1.26,20.0,True,64.2,False,True,True,6,T6,28.0,28.0,False
2026-04-18 13:45:05,AXGN,38.5,0.89,20.0,True,64.7,False,True,True,6,T6,25.1,25.1,False
2026-04-18 13:45:05,BKTI,95.98,1.3,20.0,False,65.7,True,True,True,5,T5,24.9,24.9,False
2026-04-18 13:45:05,CABA,3.44,1.72,20.0,True,60.5,False,True,True,6,T6,17.0,17.0,False
2026-04-18 13:45:05,CTOS,7.61,1.57,20.0,True,63.6,True,True,True,4,T4,25.2,25.2,False
2026-04-18 13:45:05,CVLG,30.49,1.17,20.0,True,65.2,False,True,True,6,T6,20.5,20.5,False
2026-04-18 13:45:05,FEIM,57.1,1.22,20.0,True,62.6,False,True,True,6,T6,41.4,41.4,False
2026-04-18 13:45:05,GCO,36.0,1.77,20.0,True,61.3,False,True,True,6,T6,44.9,44.9,False
2026-04-18 13:45:05,GHRS,18.34,0.93,20.0,True,63.3,True,True,True,4,T4,31.3,31.3,False
2026-04-18 13:45:05,GILT,19.17,1.33,20.0,True,66.2,True,True,True,4,T4,18.0,18.0,False
2026-04-18 13:45:05,INBX,88.23,1.24,20.0,True,65.1,False,True,True,6,T6,44.8,44.8,False
2026-04-18 13:45:05,LPTH,14.16,1.39,20.0,False,67.9,True,True,True,5,T5,34.5,34.5,False
2026-04-18 13:45:05,NPB,19.19,0.73,20.0,True,62.9,True,True,True,4,T4,17.0,17.0,False
2026-04-18 13:45:05,OXM,44.89,1.28,20.0,True,58.6,False,True,True,6,T6,31.2,31.2,False
2026-04-18 13:45:05,RBB,22.87,0.77,20.0,False,64.1,True,True,True,5,T5,11.9,11.9,False
2026-04-18 13:45:05,TBRG,23.25,0.76,20.0,True,60.5,True,True,True,4,T4,52.0,52.0,False
2026-04-18 13:45:05,TSHA,6.43,1.46,20.0,True,70.5,True,True,True,4,T4,46.1,46.1,False
2026-04-18 13:45:05,VPG,53.22,1.65,20.0,False,65.8,True,True,True,5,T5,31.0,31.0,False
2026-04-18 13:45:05,WEST,5.5,1.09,20.0,True,59.0,False,True,True,6,T6,29.7,29.7,False
2026-04-18 13:45:05,OTLY,13.52,1.08,19.22,True,57.6,False,True,True,6,T6,39.7,39.7,False
2026-04-18 13:45:05,TITN,20.35,1.27,18.97,True,59.7,False,True,True,6,T6,36.8,36.8,False
2026-04-18 13:45:05,HBNC,18.01,0.94,18.61,True,59.9,False,True,True,6,T6,15.0,15.0,False
2026-04-18 13:45:05,NTLA,14.95,1.72,18.41,True,58.1,False,True,True,6,T6,16.4,16.4,False
2026-04-18 13:45:05,MATW,27.54,0.95,18.3,True,59.8,True,True,True,4,T4,15.2,15.2,False
2026-04-18 13:45:05,DCTH,10.86,1.39,18.24,True,56.6,False,True,True,6,T6,19.7,19.7,False
2026-04-18 13:45:05,NPCE,16.19,1.19,18.19,True,60.3,False,True,True,6,T6,24.5,24.5,False
2026-04-18 13:45:05,RPAY,4.11,1.18,17.11,True,56.1,False,True,True,6,T6,58.7,58.7,False
2026-04-18 13:45:05,KEEL,2.88,2.96,16.56,True,57.4,False,True,True,6,T6,32.7,32.7,False
2026-04-18 13:45:05,RVLV,27.3,1.61,16.22,True,58.0,False,True,True,6,T6,23.5,23.5,False
2026-04-18 13:45:05,AMCX,8.77,0.81,15.57,True,57.6,False,True,True,6,T6,28.8,28.8,False
2026-04-18 13:45:05,TFIN,66.38,1.34,15.46,True,57.2,True,True,True,4,T4,18.1,18.1,False
2026-04-18 13:45:05,CAL,13.71,1.43,14.7,True,55.6,False,True,True,3,T3,28.6,28.6,False
2026-04-18 13:45:05,BCAL,18.8,0.77,14.66,True,58.1,False,True,True,6,T6,9.2,9.2,False
2026-04-18 13:45:05,CEVA,23.42,2.15,14.5,True,55.3,True,True,True,4,T4,26.1,26.1,False
2026-04-18 13:45:05,ONIT,45.83,1.1,14.42,True,57.3,False,True,True,6,T6,23.6,23.6,False
2026-04-18 13:45:05,RWT,6.0,0.87,14.13,True,57.7,False,True,True,6,T6,16.0,16.0,False
2026-04-18 13:45:05,URGN,22.54,1.15,13.86,True,57.3,False,True,True,6,T6,27.9,27.9,False
2026-04-18 13:45:05,TNC,78.7,0.77,13.52,True,55.7,True,True,True,4,T4,20.8,20.8,False
2026-04-18 13:45:05,POET,7.26,2.34,13.34,True,57.0,True,True,True,4,T4,22.4,22.4,False
2026-04-18 13:45:05,HIFS,307.64,1.1,13.15,True,56.6,False,True,True,6,T6,13.3,13.3,False
2026-04-18 13:45:05,PLTK,3.62,0.94,12.97,True,53.4,True,True,True,4,T4,28.4,28.4,False
2026-04-18 13:45:05,ABCL,4.01,1.53,12.18,True,54.6,True,True,True,4,T4,17.9,17.9,False
2026-04-18 13:45:05,VOYG,31.31,2.9,12.01,True,53.8,False,True,True,6,T6,22.7,22.7,False
2026-04-18 13:45:05,FLYW,13.61,0.95,11.94,True,55.1,False,True,True,6,T6,14.3,14.3,False
2026-04-18 13:45:05,DFIN,52.46,1.06,11.92,True,54.8,False,True,True,6,T6,12.9,12.9,False
2026-04-18 13:45:05,TBLA,3.75,0.98,11.54,True,54.8,False,True,True,6,T6,21.0,21.0,False
2026-04-18 13:45:05,SVRA,5.78,0.97,11.39,True,57.7,False,True,True,6,T6,16.5,16.5,False
2026-04-18 13:45:05,OUST,24.26,2.41,10.95,True,54.2,True,True,True,4,T4,21.0,21.0,False
2026-04-18 13:45:05,ASTL,4.74,1.46,10.86,True,53.8,False,True,True,6,T6,32.8,32.8,False
2026-04-18 13:45:05,SG,6.87,1.81,8.52,True,48.4,False,True,True,6,T6,30.1,30.1,False
2026-04-18 13:45:05,ARDT,9.91,0.81,8.22,True,50.3,False,True,True,3,T3,17.0,17.0,False
2026-04-18 13:45:05,WBTN,12.2,1.55,8.07,True,51.9,False,True,True,6,T6,42.2,42.2,False
2026-04-18 13:45:05,SCSC,39.55,1.13,8.06,True,52.1,True,True,True,4,T4,14.2,14.2,False
2026-04-18 13:45:05,PHAT,13.19,1.35,7.59,True,53.7,False,True,True,6,T6,17.7,17.7,False
2026-04-18 13:45:05,LYEL,24.01,1.46,7.23,True,54.6,False,True,True,6,T6,25.6,25.6,False
2026-04-18 13:45:05,KE,26.81,1.29,7.06,True,53.1,False,True,True,6,T6,14.4,14.4,False
2026-04-18 13:45:05,RMNI,3.72,0.99,6.88,True,51.9,True,True,True,4,T4,19.6,19.6,False
2026-04-18 13:45:05,CARS,10.59,1.11,6.81,True,50.6,False,True,True,6,T6,34.1,34.1,False
2026-04-18 13:45:05,DSP,11.61,1.49,6.78,True,52.9,True,True,True,4,T4,2.0,2.0,False
2026-04-18 13:45:05,XNET,6.56,1.33,3.8,True,51.4,False,True,True,6,T6,12.5,12.5,False
2026-04-18 13:45:05,TASK,7.42,0.88,2.9,True,47.8,False,True,True,6,T6,9.7,9.7,False
2026-04-18 13:45:05,TREE,47.96,1.29,2.5,True,49.6,False,True,True,6,T6,18.7,18.7,False
2026-04-18 13:45:05,CMTG,2.69,1.09,1.74,True,48.1,True,True,True,1,T1,29.3,29.3,False
2026-04-18 13:45:05,ENVX,6.62,2.62,1.56,True,47.1,True,True,True,1,T1,36.2,36.2,False
2026-04-18 13:45:05,GRPN,14.21,1.24,1.2,True,46.5,True,True,True,4,T4,24.3,24.3,False
2026-04-18 13:45:05,SSTK,17.69,1.23,0.91,True,48.4,True,True,True,4,T4,6.2,6.2,False
2026-04-18 13:45:05,CRNC,8.7,2.68,0.83,True,48.6,False,True,True,3,T3,27.2,27.2,False
2026-04-18 13:45:05,BRCB,14.94,2.3,0.0,False,40.1,True,True,True,5,T5,-0.3,-0.3,False
2026-04-18 13:45:05,COUR,6.36,1.08,0.0,False,44.1,True,True,True,5,T5,8.9,8.9,False
2026-04-18 13:45:05,MGNI,13.71,1.74,0.0,False,47.0,True,True,True,2,T2,10.7,10.7,False
2026-04-18 13:45:05,MYGN,5.08,1.16,0.0,False,45.2,True,True,True,5,T5,10.9,10.9,False
2026-04-18 13:45:05,OMDA,14.14,1.23,0.0,False,46.2,True,True,True,5,T5,4.7,4.7,False
2026-04-18 13:45:05,TRIP,11.39,1.63,0.0,False,43.9,True,True,True,5,T5,21.8,21.8,False
2026-04-18 13:45:05,VIA,17.45,1.32,0.0,False,34.4,True,True,True,5,T5,21.5,21.5,False
2026-04-27 13:51:23,BEN,27.12,1.05,20.0,False,62.3,True,True,True,5,T5,21.0,21.0,False
2026-04-27 13:51:23,CADL,6.5,1.85,20.0,True,59.7,False,True,True,6,T6,35.1,35.1,False
2026-04-27 13:51:23,CMPS,9.58,1.3,20.0,True,67.9,True,True,True,4,T4,78.4,78.4,False
2026-04-27 13:51:23,CTRN,50.66,1.44,20.0,False,64.2,True,True,True,5,T5,19.7,19.7,False
2026-04-27 13:51:23,DBI,8.11,1.74,20.0,False,63.9,True,True,True,5,T5,49.1,49.1,False
2026-04-27 13:51:23,FAF,70.87,0.59,20.0,True,62.6,True,True,True,4,T4,21.2,21.2,False
2026-04-27 13:51:23,FGI,9.26,0.16,20.0,True,67.8,True,True,True,4,T4,142.4,142.4,False
2026-04-27 13:51:23,GFF,93.03,1.22,20.0,True,62.9,True,True,True,4,T4,31.9,31.9,False
2026-04-27 13:51:23,GTX,21.01,0.96,20.0,True,65.3,False,True,True,6,T6,18.3,18.3,False
2026-04-27 13:51:23,HELE,23.62,1.09,20.0,True,60.0,False,True,True,6,T6,70.2,70.2,False
2026-04-27 13:51:23,HY,40.24,1.16,20.0,True,60.4,False,True,True,6,T6,24.9,24.9,False
2026-04-27 13:51:23,ILPT,7.41,0.98,20.0,True,69.1,True,True,True,4,T4,31.5,31.5,False
2026-04-27 13:51:23,MEC,21.96,0.78,20.0,True,62.9,True,True,True,4,T4,24.1,24.1,False
2026-04-27 13:51:23,MLI,136.02,1.1,20.0,True,70.0,True,True,True,4,T4,25.4,25.4,False
2026-04-27 13:51:23,MRAM,14.07,1.5,20.0,False,68.2,True,True,True,5,T5,59.3,59.3,False
2026-04-27 13:51:23,PRLB,64.62,1.51,20.0,False,64.4,True,True,True,5,T5,15.3,15.3,False
2026-04-27 13:51:23,RMAX,7.99,1.17,20.0,True,58.3,True,True,True,4,T4,38.5,38.5,False
2026-04-27 13:51:23,SEIC,88.84,0.94,20.0,True,62.1,True,True,True,4,T4,17.3,17.3,False
2026-04-27 13:51:23,SIMO,153.46,1.6,20.0,False,71.9,True,True,True,5,T5,39.4,39.4,False
2026-04-27 13:51:23,SYNA,93.86,2.02,20.0,True,64.2,True,True,True,4,T4,36.6,36.6,False
2026-04-27 13:51:23,VOYA,80.35,1.14,20.0,True,65.2,True,True,True,4,T4,21.4,21.4,False
2026-04-27 13:51:23,QRVO,87.8,1.67,19.67,True,57.9,True,True,True,4,T4,13.5,13.5,False
2026-04-27 13:51:23,SAFE,15.99,0.69,19.51,True,59.4,False,True,True,6,T6,20.5,20.5,False
2026-04-27 13:51:23,WETH,1.93,0.62,19.49,True,59.5,True,True,True,4,T4,48.5,48.5,False
2026-04-27 13:51:23,APLD,34.98,2.72,19.34,True,60.6,False,True,True,6,T6,47.2,47.2,False
2026-04-27 13:51:23,PTLO,6.42,1.06,19.14,True,55.6,False,True,True,6,T6,23.9,23.9,False
2026-04-27 13:51:23,MEI,8.39,1.66,18.58,True,58.7,True,True,True,4,T4,51.4,51.4,False
2026-04-27 13:51:23,GIII,31.36,0.94,18.53,True,59.7,True,True,True,4,T4,18.1,18.1,False
2026-04-27 13:51:23,MCFT,23.53,1.14,17.8,True,59.3,False,True,True,6,T6,12.9,12.9,False
2026-04-27 13:51:23,TTGT,5.65,1.26,17.66,True,54.9,False,True,True,6,T6,51.9,51.9,False
2026-04-27 13:51:23,GLUE,19.79,1.33,17.58,True,61.4,False,True,True,6,T6,28.7,28.7,False
2026-04-27 13:51:23,WSC,22.66,1.67,17.14,True,56.3,False,True,True,6,T6,32.4,32.4,False
2026-04-27 13:51:23,ZM,92.03,0.83,17.13,True,58.7,True,True,True,4,T4,18.4,18.4,False
2026-04-27 13:51:23,NSSC,45.91,1.29,16.89,True,59.9,True,True,True,4,T4,19.8,19.8,False
2026-04-27 13:51:23,WERN,33.83,0.77,16.73,True,59.2,True,True,True,4,T4,18.8,18.8,False
2026-04-27 13:51:23,LTRX,6.54,1.38,16.68,True,59.9,False,True,True,6,T6,21.3,21.3,False
2026-04-27 13:51:23,LMB,96.19,1.42,16.66,True,56.8,False,True,True,6,T6,19.0,19.0,False
2026-04-27 13:51:23,IREN,50.64,2.68,16.52,True,59.0,False,True,True,6,T6,44.3,44.3,False
2026-04-27 13:51:23,IPWR,4.5,1.55,16.25,True,55.9,False,True,True,6,T6,56.2,56.2,False
2026-04-27 13:51:23,HBIO,6.86,2.08,16.1,True,57.1,True,True,True,4,T4,40.9,40.9,False
2026-04-27 13:51:23,ALMU,19.2,1.6,16.09,True,57.6,True,True,True,4,T4,57.4,57.4,False
2026-04-27 13:51:23,TWIN,18.06,1.4,15.69,True,59.7,False,True,True,6,T6,18.9,18.9,False
2026-04-27 13:51:23,MTUS,19.11,1.23,15.48,True,58.0,False,True,True,6,T6,19.2,19.2,False
2026-04-27 13:51:23,NXPL,6.67,1.22,15.47,True,55.2,True,True,True,4,T4,41.9,41.9,False
2026-04-27 13:51:23,AX,95.5,1.16,15.24,False,59.0,True,True,True,5,T5,15.1,15.1,False
2026-04-27 13:51:23,STC,71.67,0.64,15.06,True,56.8,True,True,True,4,T4,21.4,21.4,False
2026-04-27 13:51:23,DHI,159.9,0.59,14.61,True,56.7,False,True,True,6,T6,19.2,19.2,False
2026-04-27 13:51:23,HLIT,10.56,1.12,13.63,True,56.3,True,True,True,4,T4,12.6,12.6,False
2026-04-27 13:51:23,HUBG,42.9,1.02,13.19,True,56.9,False,True,True,6,T6,21.3,21.3,False
2026-04-27 13:51:23,MITT,8.11,0.79,13.18,True,57.6,False,True,True,6,T6,14.8,14.8,False
2026-04-27 13:51:23,PDM,8.14,0.95,12.89,True,55.1,False,True,True,6,T6,27.4,27.4,False
2026-04-27 13:51:23,LZM,5.05,1.48,12.79,False,55.8,True,True,True,5,T5,58.3,58.3,False
2026-04-27 13:51:23,OC,125.61,1.24,12.47,True,54.3,False,True,True,6,T6,20.1,20.1,False
2026-04-27 13:51:23,CLOV,2.43,0.97,12.44,True,52.9,False,True,True,3,T3,38.9,38.9,False
2026-04-27 13:51:23,MRVI,3.55,1.22,12.32,True,55.7,False,True,True,6,T6,24.1,24.1,False
2026-04-27 13:51:23,VRCA,6.98,0.53,11.68,True,54.8,True,True,True,1,T1,59.4,59.4,False
2026-04-27 13:51:23,LPRO,1.77,1.38,11.42,True,52.6,False,True,True,3,T3,46.3,46.3,False
2026-04-27 13:51:23,AMBA,66.87,2.22,11.35,True,53.2,True,True,True,1,T1,32.5,32.5,False
2026-04-27 13:51:23,CUZ,24.9,0.78,11.26,True,53.4,False,True,True,6,T6,18.4,18.4,False
2026-04-27 13:51:23,SRTA,4.92,1.83,11.23,True,55.0,False,True,True,6,T6,18.8,18.8,False
2026-04-27 13:51:23,AEVA,16.17,2.55,10.76,True,54.3,False,True,True,3,T3,26.7,26.7,False
2026-04-27 13:51:23,NCEL,4.66,0.6,10.33,True,45.7,False,True,True,3,T3,109.9,109.9,False
2026-04-27 13:51:23,H,164.26,1.25,9.89,False,55.6,True,True,True,5,T5,15.4,15.4,False
2026-04-27 13:51:23,VANI,1.35,0.84,9.87,True,53.9,True,True,True,4,T4,32.4,32.4,False
2026-04-27 13:51:23,AMN,20.35,0.79,9.81,True,54.2,False,True,True,6,T6,7.6,7.6,False
2026-04-27 13:51:23,BNTX,105.46,0.93,9.72,True,53.9,True,True,True,4,T4,23.1,23.1,False
2026-04-27 13:51:23,GRWG,1.37,0.93,9.71,True,52.7,True,True,True,1,T1,28.0,28.0,False
2026-04-27 13:51:23,CSW,296.18,1.34,9.17,True,54.1,False,True,True,6,T6,12.3,12.3,False
2026-04-27 13:51:23,CXDO,6.82,1.82,8.82,True,54.3,False,True,True,6,T6,10.7,10.7,False
2026-04-27 13:51:23,GLXY,26.0,3.75,8.61,True,52.9,True,True,True,4,T4,44.5,44.5,False
2026-04-27 13:51:23,KOSS,4.42,1.6,8.56,True,50.8,False,True,True,3,T3,22.8,22.8,False
2026-04-27 13:51:23,ABLV,0.77,1.15,8.46,True,51.3,False,True,True,3,T3,24.0,24.0,False
2026-04-27 13:51:23,BTMD,2.28,1.37,8.39,True,50.2,False,True,True,6,T6,72.7,72.7,False
2026-04-27 13:51:23,BMR,1.96,1.8,8.23,True,50.1,False,True,True,3,T3,38.0,38.0,False
2026-04-27 13:51:23,GDC,4.22,1.3,8.1,True,53.0,False,True,True,6,T6,53.1,53.1,False
2026-04-27 13:51:23,AXG,3.89,0.79,8.08,True,54.3,False,True,True,6,T6,6.3,6.3,False
2026-04-27 13:51:23,CGTX,1.28,1.86,7.99,True,52.6,False,True,True,6,T6,75.3,75.3,False
2026-04-27 13:51:23,CSTE,1.72,0.98,7.92,True,52.6,True,True,True,4,T4,68.6,68.6,False
2026-04-27 13:51:23,TBI,4.77,0.86,7.47,True,51.7,True,True,True,4,T4,44.1,44.1,False
2026-04-27 13:51:23,REAL,12.28,2.06,7.35,True,53.8,False,True,True,6,T6,43.3,43.3,False
2026-04-27 13:51:23,XBIT,2.51,1.33,7.25,True,50.7,False,True,True,3,T3,10.6,10.6,False
2026-04-27 13:51:23,BWEN,2.58,0.92,6.91,True,52.8,False,True,True,6,T6,31.0,31.0,False
2026-04-27 13:51:23,M,20.1,1.33,6.61,True,54.2,False,True,True,6,T6,12.0,12.0,False
2026-04-27 13:51:23,CCOI,24.47,1.01,6.55,True,49.1,False,True,True,3,T3,38.9,38.9,False
2026-04-27 13:51:23,GSIW,30.0,1.65,6.35,True,46.1,False,True,True,6,T6,82.9,82.9,False
2026-04-27 13:51:23,DDD,2.26,1.94,6.0,True,52.1,True,True,True,1,T1,15.9,15.9,False
2026-04-27 13:51:23,UIS,2.65,1.66,5.36,True,48.4,False,True,True,3,T3,31.2,31.2,False
2026-04-27 13:51:23,GRRR,13.09,1.9,5.15,True,50.0,False,True,True,3,T3,38.2,38.2,False
2026-04-27 13:51:23,INDI,3.66,2.42,5.14,True,51.1,False,True,True,6,T6,14.7,14.7,False
2026-04-27 13:51:23,PGEN,4.13,1.66,4.96,True,53.5,False,True,True,6,T6,12.5,12.5,False
2026-04-27 13:51:23,CSPI,10.2,1.24,4.61,True,48.9,True,True,True,1,T1,28.1,28.1,False
2026-04-27 13:51:23,MED,11.15,0.52,4.31,True,49.3,False,True,True,3,T3,14.4,14.4,False
2026-04-27 13:51:23,LEDS,1.63,1.24,3.87,True,49.1,True,True,True,1,T1,33.6,33.6,False
2026-04-27 13:51:23,BLNK,0.79,1.75,3.67,True,47.7,False,True,True,3,T3,45.1,45.1,False
2026-04-27 13:51:23,VCEL,35.64,1.19,3.46,False,50.2,True,True,True,2,T2,21.5,21.5,False
2026-04-27 13:51:23,DDOG,129.48,1.31,3.26,True,50.4,True,True,True,4,T4,13.1,13.1,False
2026-04-27 13:51:23,OKLO,71.0,2.73,2.6,True,49.5,False,True,True,6,T6,41.3,41.3,False
2026-04-27 13:51:23,MBLY,9.23,1.81,2.59,True,46.6,True,True,True,1,T1,37.1,37.1,False
2026-04-27 13:51:23,STIM,1.68,1.65,2.38,True,47.7,False,True,True,3,T3,30.2,30.2,False
2026-04-27 13:51:23,BULL,6.9,1.35,2.06,True,45.5,False,True,True,3,T3,43.2,43.2,False
2026-04-27 13:51:23,RRGB,3.98,0.81,1.96,True,49.0,False,True,True,6,T6,50.2,50.2,False
2026-04-27 13:51:23,BTM,7.29,1.26,1.95,True,45.1,False,True,True,3,T3,260.9,260.9,False
2026-04-27 13:51:23,POOL,232.55,0.73,1.28,True,47.0,False,True,True,6,T6,17.0,17.0,False
2026-04-27 13:51:23,MSW,1.25,0.27,0.37,True,45.3,False,True,True,3,T3,33.1,33.1,False
2026-04-27 13:51:23,FTHM,0.98,0.94,0.28,True,47.8,True,True,True,1,T1,38.5,38.5,False
2026-04-27 13:51:23,OPK,1.23,0.85,0.2,False,47.3,True,True,True,2,T2,9.8,9.8,False
2026-04-27 13:51:23,CVCO,539.59,0.99,0.1,True,49.8,False,True,True,6,T6,15.8,15.8,False
2026-04-27 13:51:23,CAI,20.2,1.55,0.0,False,42.9,True,True,True,5,T5,19.2,19.2,False
2026-04-27 13:51:23,COSM,0.38,1.36,0.0,False,41.1,True,True,True,2,T2,16.9,16.9,False
2026-04-27 13:51:23,COYA,4.32,0.95,0.0,False,42.1,True,True,True,2,T2,9.1,9.1,False
2026-04-27 13:51:23,DNA,7.87,2.42,0.0,False,47.1,True,True,True,5,T5,32.7,32.7,False
2026-04-27 13:51:23,DOCS,24.01,1.1,0.0,False,27.4,True,True,True,2,T2,1.4,1.4,False
2026-04-27 13:51:23,DOMO,3.89,1.58,0.0,False,35.7,True,True,True,2,T2,25.5,25.5,False
2026-04-27 13:51:23,IMMR,6.09,1.24,0.0,False,47.4,True,True,True,5,T5,11.0,11.0,False
2026-04-27 13:51:23,NABL,5.18,0.94,0.0,False,41.7,True,True,True,5,T5,12.6,12.6,False
2026-04-27 13:51:23,NTSK,9.63,2.22,0.0,False,30.2,True,True,True,5,T5,24.6,24.6,False
2026-04-27 13:51:23,PD,7.13,1.3,0.0,False,35.5,True,True,True,2,T2,18.6,18.6,False
2026-04-27 13:51:23,PNBK,1.31,0.85,0.0,False,45.1,True,True,True,2,T2,3.1,3.1,False
2026-04-27 13:51:23,PSTV,6.6,0.36,0.0,False,42.2,True,True,True,2,T2,14.8,14.8,False
2026-04-27 13:51:23,QSI,0.91,2.22,0.0,False,43.1,True,True,True,2,T2,18.6,18.6,False
2026-04-27 13:51:23,REAX,2.68,1.23,0.0,False,39.1,True,True,True,2,T2,11.7,11.7,False
2026-04-27 13:51:23,RGP,4.04,1.04,0.0,False,45.6,True,True,True,2,T2,11.6,11.6,False
2026-04-27 13:51:23,SLQT,0.91,1.66,0.0,False,40.4,True,True,True,2,T2,53.2,53.2,False
2026-04-27 13:51:23,SOUN,8.19,2.9,0.0,False,44.6,True,True,True,2,T2,38.8,38.8,False
2026-04-27 13:51:23,TRUP,27.46,1.14,0.0,False,39.4,True,True,True,2,T2,7.9,7.9,False
2026-04-27 13:51:23,VNO,29.3,1.26,0.0,False,44.7,True,True,True,5,T5,18.6,18.6,False
2026-04-27 13:51:23,WAY,25.42,0.85,0.0,False,42.3,True,True,True,5,T5,8.0,8.0,False
2026-04-27 13:51:23,WEAV,4.87,1.42,0.0,False,38.9,True,True,True,5,T5,11.4,11.4,False
2026-05-02 09:01:52,ACA,124.76,1.25,20.0,True,64.3,True,True,True,4,T4,15.9,17.4,False
2026-05-02 09:01:52,ADAM,8.89,0.87,20.0,True,70.3,True,True,True,4,T4,20.3,19.5,False
2026-05-02 09:01:52,BOOM,8.41,0.89,20.0,True,60.6,True,True,True,4,T4,51.5,54.0,False
2026-05-02 09:01:52,CERS,2.72,1.74,20.0,True,65.4,True,True,True,4,T4,46.2,47.0,False
2026-05-02 09:01:52,FIVN,22.24,1.54,20.0,True,58.7,False,True,True,6,T6,48.2,46.6,False
2026-05-02 09:01:52,FLR,53.0,1.53,20.0,True,61.7,False,True,True,6,T6,12.4,12.8,False
2026-05-02 09:01:52,FTDR,68.8,0.82,20.0,True,61.2,False,True,True,6,T6,26.1,23.4,False
2026-05-02 09:01:52,HOVR,2.42,1.37,20.0,True,61.1,True,True,True,1,T1,64.6,63.5,False
2026-05-02 09:01:52,IEX,214.93,0.85,20.0,True,66.6,False,True,True,6,T6,12.8,12.7,False
2026-05-02 09:01:52,LXFR,15.35,1.12,20.0,True,64.0,True,True,True,4,T4,27.7,27.0,False
2026-05-02 09:01:52,LYTS,23.89,1.2,20.0,True,65.6,True,True,True,4,T4,29.1,28.0,False
2026-05-02 09:01:52,NVCR,16.62,1.44,20.0,True,63.4,False,True,True,6,T6,57.5,57.5,False
2026-05-02 09:01:52,XRX,2.7,1.66,20.0,True,56.3,False,True,True,6,T6,114.3,119.5,False
2026-05-02 09:01:52,PACK,5.61,1.96,19.91,True,58.8,True,True,True,4,T4,56.7,58.5,False
2026-05-02 09:01:52,JXN,114.19,1.52,18.6,True,60.8,False,True,True,6,T6,10.1,7.8,False
2026-05-02 09:01:52,PII,66.42,1.23,18.49,True,58.9,False,True,True,6,T6,22.9,23.0,False
2026-05-02 09:01:52,RYZ,27.76,1.06,17.05,True,58.8,True,True,True,4,T4,25.2,22.6,False
2026-05-02 09:01:52,OSS,10.03,1.61,16.05,True,60.1,False,True,True,6,T6,31.3,29.9,False
2026-05-02 09:01:52,HRTX,1.27,1.27,16.02,True,54.8,False,True,True,6,T6,58.7,56.8,False
2026-05-02 09:01:52,OMCL,42.8,0.79,15.11,True,57.7,False,True,True,6,T6,25.3,25.5,False
2026-05-02 09:01:52,GSIT,8.18,2.05,15.06,True,58.2,False,True,True,6,T6,50.4,50.6,False
2026-05-02 09:01:52,HURC,17.23,0.68,13.9,True,55.3,False,True,True,3,T3,13.4,11.2,False
2026-05-02 09:01:52,NWL,4.55,1.51,13.76,True,54.9,False,True,True,6,T6,34.2,30.4,False
2026-05-02 09:01:52,KPTI,8.77,0.89,13.05,True,57.3,False,True,True,6,T6,48.9,38.8,False
2026-05-02 09:01:52,IVZ,25.89,1.5,12.85,True,58.2,False,True,True,6,T6,7.2,13.2,False
2026-05-02 09:01:52,FSTR,30.7,1.22,12.7,False,58.5,True,True,True,5,T5,9.7,1.9,False
2026-05-02 09:01:52,FNKO,4.44,2.17,11.24,True,54.9,False,True,True,6,T6,36.6,30.2,False
2026-05-02 09:01:52,ZTG,2.39,0.75,11.23,True,51.9,False,True,True,6,T6,62.6,70.7,False
2026-05-02 09:01:52,ARDX,6.88,0.88,11.1,True,55.9,False,True,True,6,T6,15.8,15.2,False
2026-05-02 09:01:52,MOB,6.69,1.74,10.43,True,54.7,False,True,True,6,T6,17.4,17.6,False
2026-05-02 09:01:52,ATLX,5.39,1.41,10.34,True,54.5,True,True,True,4,T4,15.9,14.7,False
2026-05-02 09:01:52,LOB,37.17,1.25,10.1,False,55.3,True,True,True,5,T5,11.3,9.9,False
2026-05-02 09:01:52,TEAD,0.93,1.67,9.6,True,48.2,False,True,True,3,T3,31.9,30.2,False
2026-05-02 09:01:52,MGIH,1.59,0.69,9.2,True,52.9,False,True,True,3,T3,12.8,13.6,False
2026-05-02 09:01:52,FIP,5.72,1.62,8.99,True,54.4,False,True,True,6,T6,13.5,11.5,False
2026-05-02 09:01:52,TPCS,4.25,0.71,8.73,True,52.5,True,True,True,4,T4,38.4,37.5,False
2026-05-02 09:01:52,KLC,4.16,1.3,8.69,True,48.1,False,True,True,6,T6,71.2,54.6,False
2026-05-02 09:01:52,CHRS,1.8,1.58,6.55,True,54.7,False,True,True,6,T6,4.0,7.8,False
2026-05-02 09:01:52,TIC,9.38,1.09,5.97,True,50.4,True,True,True,4,T4,35.0,32.5,False
2026-05-02 09:01:52,LGIH,48.53,1.05,5.95,True,51.0,True,True,True,4,T4,27.3,24.9,False
2026-05-02 09:01:52,HRI,133.13,1.58,5.43,True,51.5,False,True,True,6,T6,46.2,39.2,False
2026-05-02 09:01:52,SMID,34.96,1.6,4.37,True,51.4,True,True,True,4,T4,22.7,23.9,False
2026-05-02 09:01:52,WAL,80.8,1.46,4.17,True,51.1,False,True,True,6,T6,12.1,10.6,False
2026-05-02 09:01:52,CRBG,27.52,1.42,4.15,True,49.3,True,True,True,4,T4,14.6,12.2,False
2026-05-02 09:01:52,TRAK,9.94,1.05,4.03,True,45.4,False,True,True,3,T3,31.5,30.6,False
2026-05-02 09:01:52,KELYA,9.65,0.68,3.9,True,48.7,False,True,True,3,T3,9.9,9.5,False
2026-05-02 09:01:52,EXP,210.82,1.13,3.57,True,50.3,True,True,True,4,T4,12.2,13.6,False
2026-05-02 09:01:52,KTTA,0.84,-0.13,3.06,True,49.7,True,True,True,4,T4,9.2,6.1,False
2026-05-02 09:01:52,CBRL,31.09,1.01,2.55,True,47.9,False,True,True,3,T3,8.5,5.7,False
2026-05-02 09:01:52,PCT,7.86,2.16,1.82,True,47.5,True,True,True,1,T1,45.0,43.7,False
2026-05-02 09:01:52,RYOJ,2.63,0.17,1.81,True,48.7,False,True,True,6,T6,21.2,22.3,False
2026-05-02 09:01:52,NEO,9.44,1.23,1.67,True,49.5,False,True,True,6,T6,18.0,17.7,False
2026-05-02 09:01:52,SONO,14.84,1.41,1.62,True,50.2,False,True,True,6,T6,9.3,9.2,False
2026-05-02 09:01:52,TENB,21.23,0.96,1.43,True,46.6,False,True,True,6,T6,20.8,15.0,False
2026-05-02 09:01:52,PAL,7.6,1.63,1.26,True,49.4,False,True,True,3,T3,13.3,10.6,False
2026-05-02 09:01:52,AHRT,6.08,0.69,0.92,True,48.7,True,True,True,4,T4,7.2,8.8,False
2026-05-02 09:01:52,CLF,10.51,1.88,0.82,True,49.2,False,True,True,6,T6,25.1,23.2,False
2026-05-02 09:01:52,TBPH,16.79,0.6,0.8,True,51.4,False,True,True,6,T6,4.8,4.3,False
2026-05-02 09:01:52,FSLR,211.71,1.03,0.35,True,49.3,False,True,True,6,T6,8.4,8.3,False
2026-05-02 09:01:52,WYFI,16.65,4.24,0.24,True,48.5,True,True,True,4,T4,43.3,38.4,False
2026-05-02 09:01:52,ALRM,47.13,0.92,0.21,True,47.6,True,True,True,4,T4,7.9,6.7,False
2026-05-02 09:01:52,ATHR,4.07,0.9,0.09,True,46.0,True,True,True,4,T4,102.3,90.5,False
2026-05-02 09:01:52,ARBE,0.84,2.08,0.0,False,43.3,True,True,True,2,T2,31.3,23.4,False
2026-05-02 09:01:52,AVPT,10.21,1.13,0.0,False,40.0,True,True,True,5,T5,2.7,1.8,False
2026-05-02 09:01:52,CERT,6.18,0.95,0.0,False,37.7,True,True,True,2,T2,14.2,13.2,False
2026-05-02 09:01:52,ESRT,5.62,0.78,0.0,False,40.8,True,True,True,2,T2,8.9,11.3,False
2026-05-02 09:01:52,EXFY,1.12,1.29,0.0,False,44.9,True,True,True,5,T5,24.3,31.8,False
2026-05-02 09:01:52,FEAM,1.76,0.77,0.0,False,38.2,True,True,True,2,T2,20.5,17.3,False
2026-05-02 09:01:52,FFAI,0.41,1.79,0.0,False,36.3,True,True,True,2,T2,73.5,84.5,False
2026-05-02 09:01:52,GGRP,0.56,0.86,0.0,False,35.8,True,True,True,2,T2,3.7,-0.4,False
2026-05-02 09:01:52,IXHL,4.55,0.27,0.0,False,38.6,True,True,True,2,T2,56.9,77.7,False
2026-05-02 09:01:52,MMYT,48.2,1.34,0.0,False,38.0,True,True,True,5,T5,21.0,18.3,False
2026-05-02 09:01:52,NPWR,1.99,2.25,0.0,False,45.1,True,True,True,2,T2,27.6,29.2,False
2026-05-02 09:01:52,ODD,14.7,1.07,0.0,False,28.4,True,True,True,2,T2,6.1,-2.7,False
2026-05-02 09:01:52,PAR,14.26,1.44,0.0,False,30.4,True,True,True,2,T2,3.9,2.1,False
2026-05-02 09:01:52,SPSC,58.92,1.06,0.0,False,36.7,True,True,True,5,T5,5.1,1.3,False
2026-05-02 09:01:52,TEAM,88.88,1.32,0.0,False,42.5,True,True,True,2,T2,30.2,30.5,False
2026-05-02 11:06:51,ACA,124.76,1.25,20.0,True,64.3,True,True,True,4,T4,15.9,17.4,False
2026-05-02 11:06:51,ADAM,8.89,0.87,20.0,True,70.3,True,True,True,4,T4,20.3,19.5,False
2026-05-02 11:06:51,BOOM,8.41,0.89,20.0,True,60.6,True,True,True,4,T4,51.5,54.0,False
2026-05-02 11:06:51,CERS,2.72,1.74,20.0,True,65.4,True,True,True,4,T4,46.2,47.0,False
2026-05-02 11:06:51,FIVN,22.24,1.54,20.0,True,58.7,False,True,True,6,T6,48.2,46.6,False
2026-05-02 11:06:51,FLR,53.0,1.53,20.0,True,61.7,False,True,True,6,T6,12.4,12.8,False
2026-05-02 11:06:51,FTDR,68.8,0.82,20.0,True,61.2,False,True,True,6,T6,26.1,23.4,False
2026-05-02 11:06:51,HOVR,2.42,1.37,20.0,True,61.1,True,True,True,1,T1,64.6,63.5,False
2026-05-02 11:06:51,IEX,214.93,0.85,20.0,True,66.6,False,True,True,6,T6,12.8,12.7,False
2026-05-02 11:06:51,LXFR,15.35,1.12,20.0,True,64.0,True,True,True,4,T4,27.7,27.0,False
2026-05-02 11:06:51,LYTS,23.89,1.2,20.0,True,65.6,True,True,True,4,T4,29.1,28.0,False
2026-05-02 11:06:51,NVCR,16.62,1.44,20.0,True,63.4,False,True,True,6,T6,57.5,57.5,False
2026-05-02 11:06:51,ORN,14.57,1.57,20.0,True,68.2,True,True,True,4,T4,26.9,31.4,False
2026-05-02 11:06:51,XRX,2.7,1.66,20.0,True,56.3,False,True,True,6,T6,114.3,119.5,False
2026-05-02 11:06:51,PACK,5.61,1.96,19.91,True,58.8,True,True,True,4,T4,56.7,58.5,False
2026-05-02 11:06:51,JXN,114.19,1.52,18.6,True,60.8,False,True,True,6,T6,10.1,7.8,False
2026-05-02 11:06:51,PII,66.42,1.23,18.49,True,58.9,False,True,True,6,T6,22.9,23.0,False
2026-05-02 11:06:51,RYZ,27.76,1.06,17.05,True,58.8,True,True,True,4,T4,25.2,22.6,False
2026-05-02 11:06:51,OSS,10.03,1.61,16.05,True,60.1,False,True,True,6,T6,31.3,29.9,False
2026-05-02 11:06:51,HRTX,1.27,1.27,16.02,True,54.8,False,True,True,6,T6,58.7,56.8,False
2026-05-02 11:06:51,OMCL,42.8,0.79,15.11,True,57.7,False,True,True,6,T6,25.3,25.5,False
2026-05-02 11:06:51,GSIT,8.18,2.05,15.06,True,58.2,False,True,True,6,T6,50.4,50.6,False
2026-05-02 11:06:51,HURC,17.23,0.68,13.9,True,55.3,False,True,True,3,T3,13.4,11.2,False
2026-05-02 11:06:51,NWL,4.55,1.51,13.76,True,54.9,False,True,True,6,T6,34.2,30.4,False
2026-05-02 11:06:51,KPTI,8.77,0.89,13.05,True,57.3,False,True,True,6,T6,48.9,38.8,False
2026-05-02 11:06:51,IVZ,25.89,1.5,12.85,True,58.2,False,True,True,6,T6,7.2,13.2,False
2026-05-02 11:06:51,FSTR,30.7,1.22,12.7,False,58.5,True,True,True,5,T5,9.7,1.9,False
2026-05-02 11:06:51,FNKO,4.44,2.17,11.24,True,54.9,False,True,True,6,T6,36.6,30.2,False
2026-05-02 11:06:51,ZTG,2.39,0.75,11.23,True,51.9,False,True,True,6,T6,62.6,70.7,False
2026-05-02 11:06:51,ARDX,6.88,0.88,11.1,True,55.9,False,True,True,6,T6,15.8,15.2,False
2026-05-02 11:06:51,MOB,6.69,1.74,10.43,True,54.7,False,True,True,6,T6,17.4,17.6,False
2026-05-02 11:06:51,ATLX,5.39,1.41,10.34,True,54.5,True,True,True,4,T4,15.9,14.7,False
2026-05-02 11:06:51,LOB,37.17,1.25,10.1,False,55.3,True,True,True,5,T5,11.3,9.9,False
2026-05-02 11:06:51,TEAD,0.93,1.67,9.6,True,48.2,False,True,True,3,T3,31.9,30.2,False
2026-05-02 11:06:51,MGIH,1.59,0.69,9.2,True,52.9,False,True,True,3,T3,12.8,13.6,False
2026-05-02 11:06:51,FIP,5.72,1.62,8.99,True,54.4,False,True,True,6,T6,13.5,11.5,False
2026-05-02 11:06:51,TPCS,4.25,0.71,8.73,True,52.5,True,True,True,4,T4,38.4,37.5,False
2026-05-02 11:06:51,KLC,4.16,1.3,8.69,True,48.1,False,True,True,6,T6,71.2,54.6,False
2026-05-02 11:06:51,CHRS,1.8,1.58,6.55,True,54.7,False,True,True,6,T6,4.0,7.8,False
2026-05-02 11:06:51,TIC,9.38,1.09,5.97,True,50.4,True,True,True,4,T4,35.0,32.5,False
2026-05-02 11:06:51,LGIH,48.53,1.05,5.95,True,51.0,True,True,True,4,T4,27.3,24.9,False
2026-05-02 11:06:51,HRI,133.13,1.58,5.43,True,51.5,False,True,True,6,T6,46.2,39.2,False
2026-05-02 11:06:51,SMID,34.96,1.6,4.37,True,51.4,True,True,True,4,T4,22.7,23.9,False
2026-05-02 11:06:51,WAL,80.8,1.46,4.17,True,51.1,False,True,True,6,T6,12.1,10.6,False
2026-05-02 11:06:51,CRBG,27.52,1.42,4.15,True,49.3,True,True,True,4,T4,14.6,12.2,False
2026-05-02 11:06:51,TRAK,9.94,1.05,4.03,True,45.4,False,True,True,3,T3,31.5,30.6,False
2026-05-02 11:06:51,KELYA,9.65,0.68,3.9,True,48.7,False,True,True,3,T3,9.9,9.5,False
2026-05-02 11:06:51,EXP,210.82,1.13,3.57,True,50.3,True,True,True,4,T4,12.2,13.6,False
2026-05-02 11:06:51,KTTA,0.84,-0.13,3.06,True,49.7,True,True,True,4,T4,9.2,6.1,False
2026-05-02 11:06:51,CBRL,31.09,1.01,2.55,True,47.9,False,True,True,3,T3,8.5,5.7,False
2026-05-02 11:06:51,PCT,7.86,2.16,1.82,True,47.5,True,True,True,1,T1,45.0,43.7,False
2026-05-02 11:06:51,RYOJ,2.63,0.17,1.81,True,48.7,False,True,True,6,T6,21.2,22.3,False
2026-05-02 11:06:51,NEO,9.44,1.23,1.67,True,49.5,False,True,True,6,T6,18.0,17.7,False
2026-05-02 11:06:51,SONO,14.84,1.41,1.62,True,50.2,False,True,True,6,T6,9.3,9.2,False
2026-05-02 11:06:51,TENB,21.23,0.96,1.43,True,46.6,False,True,True,6,T6,20.8,15.0,False
2026-05-02 11:06:51,PAL,7.6,1.63,1.26,True,49.4,False,True,True,3,T3,13.3,10.6,False
2026-05-02 11:06:51,AHRT,6.08,0.69,0.92,True,48.7,True,True,True,4,T4,7.2,8.8,False
2026-05-02 11:06:51,CLF,10.51,1.88,0.82,True,49.2,False,True,True,6,T6,25.1,23.2,False
2026-05-02 11:06:51,TBPH,16.79,0.6,0.8,True,51.4,False,True,True,6,T6,4.8,4.3,False
2026-05-02 11:06:51,FSLR,211.71,1.03,0.35,True,49.3,False,True,True,6,T6,8.4,8.3,False
2026-05-02 11:06:51,WYFI,16.65,4.24,0.24,True,48.5,True,True,True,4,T4,43.3,38.4,False
2026-05-02 11:06:51,ALRM,47.13,0.92,0.21,True,47.6,True,True,True,4,T4,7.9,6.7,False
2026-05-02 11:06:51,ATHR,4.07,0.9,0.09,True,46.0,True,True,True,4,T4,102.3,90.5,False
2026-05-02 11:06:51,ARBE,0.84,2.08,0.0,False,43.3,True,True,True,2,T2,31.3,23.4,False
2026-05-02 11:06:51,AVPT,10.21,1.13,0.0,False,40.0,True,True,True,5,T5,2.7,1.8,False
2026-05-02 11:06:51,CERT,6.18,0.95,0.0,False,37.7,True,True,True,2,T2,14.2,13.2,False
2026-05-02 11:06:51,ESRT,5.62,0.78,0.0,False,40.8,True,True,True,2,T2,8.9,11.3,False
2026-05-02 11:06:51,EXFY,1.12,1.29,0.0,False,44.9,True,True,True,5,T5,24.3,31.8,False
2026-05-02 11:06:51,FEAM,1.76,0.77,0.0,False,38.2,True,True,True,2,T2,20.5,17.3,False
2026-05-02 11:06:51,FFAI,0.41,1.79,0.0,False,36.3,True,True,True,2,T2,73.5,84.5,False
2026-05-02 11:06:51,GGRP,0.56,0.86,0.0,False,35.8,True,True,True,2,T2,3.7,-0.4,False
2026-05-02 11:06:51,IXHL,4.55,0.27,0.0,False,38.6,True,True,True,2,T2,56.9,77.7,False
2026-05-02 11:06:51,MMYT,48.2,1.34,0.0,False,38.0,True,True,True,5,T5,21.0,18.3,False
2026-05-02 11:06:51,NPWR,1.99,2.25,0.0,False,45.1,True,True,True,2,T2,27.6,29.2,False
2026-05-02 11:06:51,ODD,14.7,1.07,0.0,False,28.4,True,True,True,2,T2,6.1,-2.7,False
2026-05-02 11:06:51,PAR,14.26,1.44,0.0,False,30.4,True,True,True,2,T2,3.9,2.1,False
2026-05-02 11:06:51,SPSC,58.92,1.06,0.0,False,36.7,True,True,True,5,T5,5.1,1.3,False
2026-05-02 11:06:51,TEAM,88.88,1.32,0.0,False,42.5,True,True,True,2,T2,30.2,30.5,False
2026-05-09 11:18:13,ACCO,4.04,1.09,20.0,True,59.6,False,True,True,6,T6,34.2,36.0,False
2026-05-09 11:18:13,CABA,3.88,1.72,20.0,True,63.1,True,True,True,4,T4,24.0,21.3,False
2026-05-09 11:18:13,CCSI,34.0,1.13,20.0,True,67.3,False,True,True,6,T6,42.3,37.4,False
2026-05-09 11:18:13,CLFD,40.04,1.33,20.0,True,69.4,False,True,True,6,T6,47.4,44.5,False
2026-05-09 11:18:13,EGHT,2.74,1.28,20.0,True,62.1,False,True,True,6,T6,58.4,52.2,False
2026-05-09 11:18:13,FLNC,24.16,2.1,20.0,True,62.3,False,True,True,6,T6,75.3,77.0,False
2026-05-09 11:18:13,HYLN,2.46,1.97,20.0,True,64.5,True,True,True,4,T4,33.7,33.7,False
2026-05-09 11:18:13,LIND,21.1,1.52,20.0,True,64.2,True,True,True,4,T4,10.3,9.8,False
2026-05-09 11:18:13,MBX,40.97,1.45,20.0,True,64.7,False,True,True,6,T6,32.1,24.9,False
2026-05-09 11:18:13,NTWK,4.31,0.73,20.0,True,64.6,False,True,True,6,T6,27.9,27.9,False
2026-05-09 11:18:13,ROAD,140.48,1.54,20.0,True,63.2,False,True,True,6,T6,18.2,21.4,False
2026-05-09 11:18:13,RXT,5.49,1.83,20.0,True,82.4,False,True,True,6,T6,315.9,357.5,False
2026-05-09 11:18:13,VTRS,17.17,0.78,20.0,False,76.1,True,True,True,5,T5,27.5,24.2,False
2026-05-09 11:18:13,WRBY,29.55,1.71,20.0,True,62.1,True,True,True,4,T4,41.9,38.9,False
2026-05-09 11:18:13,NXT,125.91,1.06,19.53,True,62.8,False,True,True,6,T6,6.7,12.9,False
2026-05-09 11:18:13,ACMR,59.85,2.07,19.22,True,61.5,False,True,True,6,T6,24.5,20.6,False
2026-05-09 11:18:13,PRG,36.34,1.02,18.7,True,59.5,False,True,True,6,T6,23.6,21.9,False
2026-05-09 11:18:13,NAMS,38.73,0.99,18.22,True,60.0,False,True,True,6,T6,11.4,6.8,False
2026-05-09 11:18:13,AVR,6.58,1.67,17.39,True,59.6,True,True,True,1,T1,15.8,6.1,False
2026-05-09 11:18:13,IKT,2.06,1.43,17.34,True,58.5,False,True,True,6,T6,21.2,20.5,False
2026-05-09 11:18:13,RNAC,8.65,1.93,16.3,True,55.8,False,True,True,6,T6,44.6,45.9,False
2026-05-09 11:18:13,MRCY,90.34,1.05,15.62,True,58.9,False,True,True,6,T6,13.5,9.5,False
2026-05-09 11:18:13,NOVT,138.31,1.6,15.05,True,57.6,True,True,True,4,T4,10.4,7.5,False
2026-05-09 11:18:13,WS,40.43,1.46,14.93,True,58.3,False,True,True,6,T6,15.3,17.3,False
2026-05-09 11:18:13,SMCI,35.37,2.32,14.57,True,54.8,False,True,True,6,T6,40.0,36.2,False
2026-05-09 11:18:13,SMP,40.4,0.75,14.49,True,57.6,False,True,True,6,T6,7.8,7.0,False
2026-05-09 11:18:13,CPAY,343.99,1.25,14.46,True,57.4,True,True,True,4,T4,13.6,9.1,False
2026-05-09 11:18:13,PPSI,4.19,1.4,14.18,True,56.2,True,True,True,4,T4,76.8,67.6,False
2026-05-09 11:18:13,SWK,81.07,1.41,13.75,True,56.8,False,True,True,6,T6,12.3,12.1,False
2026-05-09 11:18:13,CSIQ,20.06,1.78,13.0,True,55.5,False,True,True,6,T6,58.8,57.7,False
2026-05-09 11:18:13,MBUU,30.09,1.26,12.74,True,54.2,True,True,True,4,T4,18.1,16.5,False
2026-05-09 11:18:13,TONX,3.64,1.78,12.58,True,52.0,False,True,True,6,T6,75.0,51.7,False
2026-05-09 11:18:13,RVTY,101.0,1.13,12.45,True,55.3,False,True,True,6,T6,12.6,9.1,False
2026-05-09 11:18:13,CMC,70.96,1.31,12.12,True,57.2,False,True,True,6,T6,7.9,7.1,False
2026-05-09 11:18:13,CTGO,27.19,1.05,11.02,True,55.7,False,True,True,6,T6,16.6,12.8,False
2026-05-09 11:18:13,KWR,147.54,1.2,10.14,True,54.9,False,True,True,6,T6,16.5,16.2,False
2026-05-09 11:18:13,DOMH,3.64,2.1,9.59,True,50.9,True,True,True,1,T1,26.4,21.3,False
2026-05-09 11:18:13,ESPR,3.14,1.36,9.31,True,54.5,False,True,True,6,T6,44.7,41.4,False
2026-05-09 11:18:13,HNRG,18.81,1.39,8.61,True,53.5,False,True,True,6,T6,23.7,24.1,False
2026-05-09 11:18:13,BV,12.97,1.06,8.25,True,52.2,True,True,True,4,T4,10.1,9.5,False
2026-05-09 11:18:13,DC,6.01,0.8,7.94,True,55.2,False,True,True,6,T6,10.9,4.2,False
2026-05-09 11:18:13,DCH,6.64,1.52,7.57,True,53.7,False,True,True,6,T6,11.0,8.9,False
2026-05-09 11:18:13,AMRX,13.2,0.96,7.1,True,55.9,False,True,True,6,T6,5.3,2.9,False
2026-05-09 11:18:13,MAGN,12.08,1.53,6.47,True,51.4,False,True,True,6,T6,21.3,18.8,False
2026-05-09 11:18:13,GH,95.7,1.21,6.24,True,54.4,False,True,True,6,T6,21.8,16.4,False
2026-05-09 11:18:13,INSE,7.96,1.58,5.59,True,51.1,True,True,True,4,T4,24.0,20.8,False
2026-05-09 11:18:13,GEN,22.68,0.89,5.42,True,49.5,True,True,True,4,T4,26.8,19.9,False
2026-05-09 11:18:13,YETI,41.53,1.35,4.94,True,52.7,False,True,True,6,T6,13.2,12.6,False
2026-05-09 11:18:13,ARRY,8.57,1.21,4.28,True,51.6,False,True,True,6,T6,19.7,22.4,False
2026-05-09 11:18:13,LINK,3.56,0.65,4.11,True,48.5,False,True,True,3,T3,14.8,16.3,False
2026-05-09 11:18:13,VYX,8.35,1.37,4.07,True,47.4,True,True,True,4,T4,30.5,24.1,False
2026-05-09 11:18:13,EBS,9.5,2.03,4.02,True,51.2,False,True,True,6,T6,19.3,15.3,False
2026-05-09 11:18:13,IMDX,5.01,0.58,4.01,True,51.5,False,True,True,6,T6,58.0,67.0,False
2026-05-09 11:18:13,GDYN,6.97,1.21,3.29,True,47.3,True,True,True,4,T4,32.1,26.4,False
2026-05-09 11:18:13,TBCH,12.29,1.73,2.17,True,48.8,True,True,True,4,T4,18.7,16.8,False
2026-05-09 11:18:13,UPLD,0.99,1.51,2.12,True,44.9,False,True,True,6,T6,53.3,72.2,False
2026-05-09 11:18:13,MDB,299.47,1.63,1.72,True,49.7,False,True,True,6,T6,32.5,26.8,False
2026-05-09 11:18:13,BMGL,0.76,0.47,1.45,True,44.7,False,True,True,6,T6,28.9,37.5,False
2026-05-09 11:18:13,USAU,16.99,0.93,1.25,True,51.0,False,True,True,6,T6,13.6,10.2,False
2026-05-09 11:18:13,GAMB,4.51,1.17,0.52,True,41.9,False,True,True,3,T3,24.9,23.2,False
2026-05-09 11:18:13,TMC,5.7,1.77,0.39,True,49.6,False,True,True,3,T3,31.3,23.4,False
2026-05-09 11:18:13,ACHR,6.48,2.33,0.0,False,45.5,True,True,True,2,T2,20.0,18.9,False
2026-05-09 11:18:13,CWH,7.49,1.73,0.0,False,39.0,True,True,True,2,T2,2.7,5.8,False
2026-05-09 11:18:13,CXT,45.31,1.19,0.0,False,43.8,True,True,True,5,T5,3.3,1.1,False
2026-05-09 11:18:13,DH,0.95,0.95,0.0,False,24.1,True,True,True,2,T2,0.6,-4.0,False
2026-05-09 11:18:13,GTLB,25.98,1.41,0.0,False,41.8,True,True,True,2,T2,33.8,29.7,False
2026-05-09 11:18:13,OSG,5.37,0.66,0.0,False,44.6,True,True,True,5,T5,36.3,28.2,False
2026-05-11 21:45:16,ACCO,4.04,1.09,20.0,True,59.6,False,True,True,6,T6,34.2,36.0,False
2026-05-11 21:45:16,CABA,3.88,1.72,20.0,True,63.1,True,True,True,4,T4,24.0,21.3,False
2026-05-11 21:45:16,CCSI,34.0,1.13,20.0,True,67.3,False,True,True,6,T6,42.3,37.4,False
2026-05-11 21:45:16,CLFD,40.04,1.33,20.0,True,69.4,False,True,True,6,T6,47.4,44.5,False
2026-05-11 21:45:16,EGHT,2.74,1.28,20.0,True,62.1,False,True,True,6,T6,58.4,52.2,False
2026-05-11 21:45:16,FLNC,24.16,2.1,20.0,True,62.3,False,True,True,6,T6,75.3,77.0,False
2026-05-11 21:45:16,HYLN,2.46,1.97,20.0,True,64.5,True,True,True,4,T4,33.7,33.7,False
2026-05-11 21:45:16,LIND,21.1,1.52,20.0,True,64.2,True,True,True,4,T4,10.3,9.8,False
2026-05-11 21:45:16,MBX,40.97,1.45,20.0,True,64.7,False,True,True,6,T6,32.1,24.9,False
2026-05-11 21:45:16,NTWK,4.31,0.73,20.0,True,64.6,False,True,True,6,T6,27.9,27.9,False
2026-05-11 21:45:16,ROAD,140.48,1.54,20.0,True,63.2,False,True,True,6,T6,18.2,21.4,False
2026-05-11 21:45:16,RXT,5.49,1.83,20.0,True,82.4,False,True,True,6,T6,315.9,357.5,False
2026-05-11 21:45:16,VTRS,17.17,0.78,20.0,False,76.1,True,True,True,5,T5,27.5,24.2,False
2026-05-11 21:45:16,WRBY,29.55,1.71,20.0,True,62.1,True,True,True,4,T4,41.9,38.9,False
2026-05-11 21:45:16,NXT,125.91,1.06,19.53,True,62.8,False,True,True,6,T6,6.7,12.9,False
2026-05-11 21:45:16,ACMR,59.85,2.07,19.22,True,61.5,False,True,True,6,T6,24.5,20.6,False
2026-05-11 21:45:16,PRG,36.34,1.02,18.7,True,59.5,False,True,True,6,T6,23.6,21.9,False
2026-05-11 21:45:16,NAMS,38.73,0.99,18.22,True,60.0,False,True,True,6,T6,11.4,6.8,False
2026-05-11 21:45:16,AVR,6.58,1.67,17.39,True,59.6,True,True,True,1,T1,15.8,6.1,False
2026-05-11 21:45:16,IKT,2.06,1.43,17.34,True,58.5,False,True,True,6,T6,21.2,20.5,False
2026-05-11 21:45:16,RNAC,8.65,1.93,16.3,True,55.8,False,True,True,6,T6,44.6,45.9,False
2026-05-11 21:45:16,MRCY,90.34,1.05,15.62,True,58.9,False,True,True,6,T6,13.5,9.5,False
2026-05-11 21:45:16,NOVT,138.31,1.6,15.05,True,57.6,True,True,True,4,T4,10.4,7.5,False
2026-05-11 21:45:16,WS,40.43,1.46,14.93,True,58.3,False,True,True,6,T6,15.3,17.3,False
2026-05-11 21:45:16,SMCI,35.37,2.32,14.57,True,54.8,False,True,True,6,T6,40.0,36.2,False
2026-05-11 21:45:16,SMP,40.4,0.75,14.49,True,57.6,False,True,True,6,T6,7.8,7.0,False
2026-05-11 21:45:16,CPAY,343.99,1.25,14.46,True,57.4,True,True,True,4,T4,13.6,9.1,False
2026-05-11 21:45:16,PPSI,4.19,1.4,14.18,True,56.2,True,True,True,4,T4,76.8,67.6,False
2026-05-11 21:45:16,SWK,81.07,1.41,13.75,True,56.8,False,True,True,6,T6,12.3,12.1,False
2026-05-11 21:45:16,CSIQ,20.06,1.78,13.0,True,55.5,False,True,True,6,T6,58.8,57.7,False
2026-05-11 21:45:16,MBUU,30.09,1.26,12.74,True,54.2,True,True,True,4,T4,18.1,16.5,False
2026-05-11 21:45:16,TONX,3.64,1.78,12.58,True,52.0,False,True,True,6,T6,75.0,51.7,False
2026-05-11 21:45:16,RVTY,101.0,1.13,12.45,True,55.3,False,True,True,6,T6,12.6,9.1,False
2026-05-11 21:45:16,CMC,70.96,1.31,12.12,True,57.2,False,True,True,6,T6,7.9,7.1,False
2026-05-11 21:45:16,CTGO,27.19,1.05,11.02,True,55.7,False,True,True,6,T6,16.6,12.8,False
2026-05-11 21:45:16,KWR,147.54,1.2,10.14,True,54.9,False,True,True,6,T6,16.5,16.2,False
2026-05-11 21:45:16,DOMH,3.64,2.1,9.59,True,50.9,True,True,True,1,T1,26.4,21.3,False
2026-05-11 21:45:16,ESPR,3.14,1.36,9.31,True,54.5,False,True,True,6,T6,44.7,41.4,False
2026-05-11 21:45:16,HNRG,18.81,1.39,8.61,True,53.5,False,True,True,6,T6,23.7,24.1,False
2026-05-11 21:45:16,BV,12.97,1.06,8.25,True,52.2,True,True,True,4,T4,10.1,9.5,False
2026-05-11 21:45:16,DC,6.01,0.8,7.94,True,55.2,False,True,True,6,T6,10.9,4.2,False
2026-05-11 21:45:16,DCH,6.64,1.52,7.57,True,53.7,False,True,True,6,T6,11.0,8.9,False
2026-05-11 21:45:16,AMRX,13.2,0.96,7.1,True,55.9,False,True,True,6,T6,5.3,2.9,False
2026-05-11 21:45:16,MAGN,12.08,1.53,6.47,True,51.4,False,True,True,6,T6,21.3,18.8,False
2026-05-11 21:45:16,GH,95.7,1.21,6.24,True,54.4,False,True,True,6,T6,21.8,16.4,False
2026-05-11 21:45:16,INSE,7.96,1.58,5.59,True,51.1,True,True,True,4,T4,24.0,20.8,False
2026-05-11 21:45:16,GEN,22.68,0.89,5.42,True,49.5,True,True,True,4,T4,26.8,19.9,False
2026-05-11 21:45:16,YETI,41.53,1.35,4.94,True,52.7,False,True,True,6,T6,13.2,12.6,False
2026-05-11 21:45:16,ARRY,8.57,1.21,4.28,True,51.6,False,True,True,6,T6,19.7,22.4,False
2026-05-11 21:45:16,LINK,3.56,0.65,4.11,True,48.5,False,True,True,3,T3,14.8,16.3,False
2026-05-11 21:45:16,VYX,8.35,1.37,4.07,True,47.4,True,True,True,4,T4,30.5,24.1,False
2026-05-11 21:45:16,EBS,9.5,2.03,4.02,True,51.2,False,True,True,6,T6,19.3,15.3,False
2026-05-11 21:45:16,IMDX,5.01,0.58,4.01,True,51.5,False,True,True,6,T6,58.0,67.0,False
2026-05-11 21:45:16,GDYN,6.98,1.21,3.37,True,47.3,True,True,True,4,T4,32.2,26.4,False
2026-05-11 21:45:16,TBCH,12.29,1.73,2.17,True,48.8,True,True,True,4,T4,18.7,16.8,False
2026-05-11 21:45:16,UPLD,0.99,1.51,2.12,True,44.9,False,True,True,6,T6,53.3,72.2,False
2026-05-11 21:45:16,MDB,299.47,1.63,1.72,True,49.7,False,True,True,6,T6,32.5,26.8,False
2026-05-11 21:45:16,BMGL,0.76,0.47,1.45,True,44.7,False,True,True,6,T6,28.9,37.5,False
2026-05-11 21:45:16,USAU,16.99,0.93,1.25,True,51.0,False,True,True,6,T6,13.6,10.2,False
2026-05-11 21:45:16,GAMB,4.51,1.17,0.52,True,41.9,False,True,True,3,T3,24.9,23.2,False
2026-05-11 21:45:16,TMC,5.7,1.77,0.39,True,49.6,False,True,True,3,T3,31.3,23.4,False
2026-05-11 21:45:16,ACHR,6.48,2.33,0.0,False,45.5,True,True,True,2,T2,20.0,18.9,False
2026-05-11 21:45:16,CWH,7.49,1.73,0.0,False,39.0,True,True,True,2,T2,2.7,5.8,False
2026-05-11 21:45:16,CXT,45.31,1.19,0.0,False,43.8,True,True,True,5,T5,3.3,1.1,False
2026-05-11 21:45:16,DH,0.95,0.95,0.0,False,24.1,True,True,True,2,T2,0.6,-3.9,False
2026-05-11 21:45:16,GTLB,25.98,1.41,0.0,False,41.8,True,True,True,2,T2,33.8,29.7,False
2026-05-11 21:45:16,OSG,5.37,0.66,0.0,False,44.6,True,True,True,5,T5,36.3,28.2,False
2026-05-17 02:07:29,ATRO,78.59,1.27,20.0,True,64.7,False,True,True,6,T6,2.1,1.2,False
2026-05-17 02:07:29,FENC,9.75,1.04,20.0,True,64.4,True,True,True,4,T4,43.6,44.9,False
2026-05-17 02:07:29,FTK,19.61,1.63,20.0,True,62.0,True,True,True,4,T4,25.5,24.8,False
2026-05-17 02:07:29,HLIO,77.03,1.39,20.0,True,68.3,False,True,True,6,T6,12.1,11.5,False
2026-05-17 02:07:29,OABI,2.18,1.06,20.0,True,61.9,True,True,True,4,T4,32.9,40.6,False
2026-05-17 02:07:29,NSIT,88.9,1.06,15.4,True,53.4,False,True,True,6,T6,16.3,16.3,False
2026-05-17 02:07:29,F,13.4,0.96,15.28,True,58.0,False,True,True,6,T6,5.4,5.4,False
2026-05-17 02:07:29,LIVN,70.0,0.92,14.42,False,59.2,True,True,True,5,T5,4.3,6.4,False
2026-05-17 02:07:29,AMPG,2.95,1.96,14.06,True,55.0,True,True,True,4,T4,44.6,47.5,False
2026-05-17 02:07:29,APYX,4.05,1.49,12.68,True,58.1,False,True,True,6,T6,1.8,2.8,False
2026-05-17 02:07:29,AIFU,2.31,0.78,9.79,True,47.9,False,True,True,3,T3,72.4,59.3,False
2026-05-17 02:07:29,GREE,1.47,2.05,9.73,True,53.3,True,True,True,1,T1,11.4,14.0,False
2026-05-17 02:07:29,ONDS,10.62,2.32,9.5,True,56.6,False,True,True,6,T6,6.2,-1.0,False
2026-05-17 02:07:29,VEON,54.29,0.8,9.31,True,54.7,False,True,True,6,T6,-0.6,2.2,False
2026-05-17 02:07:29,COYA,4.96,1.02,7.98,True,51.5,False,True,True,3,T3,3.8,-0.6,False
2026-05-17 02:07:29,XOS,2.13,1.01,7.75,True,49.8,False,True,True,3,T3,25.3,28.3,False
2026-05-17 02:07:29,VNET,10.09,1.69,6.8,True,53.4,False,True,True,6,T6,7.5,9.7,False
2026-05-17 02:07:29,KEQU,38.64,0.96,4.09,True,49.5,False,True,True,6,T6,5.3,4.8,False
2026-05-17 02:07:29,WLDN,92.12,1.06,3.43,True,50.7,False,True,True,6,T6,18.4,17.7,False
2026-05-17 02:07:29,BZH,22.12,1.23,1.79,True,50.1,False,True,True,6,T6,-0.0,-3.0,False
2026-05-17 02:07:29,AIIO,4.02,1.36,0.41,True,43.9,False,True,True,3,T3,486.9,474.3,False
2026-05-17 02:10:39,ATRO,78.59,1.27,20.0,True,64.7,False,True,True,6,T6,2.1,1.2,False
2026-05-17 02:10:39,FENC,9.75,1.04,20.0,True,64.4,True,True,True,4,T4,43.6,44.9,False
2026-05-17 02:10:39,FTK,19.61,1.63,20.0,True,62.0,True,True,True,4,T4,25.5,24.8,False
2026-05-17 02:10:39,HLIO,77.03,1.39,20.0,True,68.3,False,True,True,6,T6,12.1,11.5,False
2026-05-17 02:10:39,OABI,2.18,1.06,20.0,True,61.9,True,True,True,4,T4,32.9,40.6,False
2026-05-17 02:10:39,NSIT,88.9,1.06,15.4,True,53.4,False,True,True,6,T6,16.3,16.3,False
2026-05-17 02:10:39,F,13.4,0.96,15.28,True,58.0,False,True,True,6,T6,5.4,5.4,False
2026-05-17 02:10:39,LIVN,70.0,0.92,14.42,False,59.2,True,True,True,5,T5,4.3,6.4,False
2026-05-17 02:10:39,AMPG,2.95,1.96,14.06,True,55.0,True,True,True,4,T4,44.6,47.5,False
2026-05-17 02:10:39,APYX,4.05,1.49,12.68,True,58.1,False,True,True,6,T6,1.8,2.8,False
2026-05-17 02:10:39,AIFU,2.31,0.78,9.79,True,47.9,False,True,True,3,T3,72.4,59.3,False
2026-05-17 02:10:39,GREE,1.47,2.05,9.73,True,53.3,True,True,True,1,T1,11.4,14.0,False
2026-05-17 02:10:39,ONDS,10.62,2.32,9.5,True,56.6,False,True,True,6,T6,6.2,-1.0,False
2026-05-17 02:10:39,VEON,54.29,0.8,9.31,True,54.7,False,True,True,6,T6,-0.6,2.2,False
2026-05-17 02:10:39,COYA,4.96,1.02,7.98,True,51.5,False,True,True,3,T3,3.8,-0.6,False
2026-05-17 02:10:39,XOS,2.13,1.01,7.75,True,49.8,False,True,True,3,T3,25.3,28.3,False
2026-05-17 02:10:39,VNET,10.09,1.69,6.8,True,53.4,False,True,True,6,T6,7.5,9.7,False
2026-05-17 02:10:39,KEQU,38.64,0.96,4.09,True,49.5,False,True,True,6,T6,5.3,4.8,False
2026-05-17 02:10:39,WLDN,92.12,1.06,3.43,True,50.7,False,True,True,6,T6,18.4,17.7,False
2026-05-17 02:10:39,BZH,22.12,1.23,1.79,True,50.1,False,True,True,6,T6,-0.0,-3.0,False
2026-05-17 02:10:39,AIIO,4.02,1.36,0.41,True,43.9,False,True,True,3,T3,486.9,474.3,False
2026-05-23 22:09:06,RYOJ,5.0,0.41,20.0,True,69.9,True,True,True,4,T4,142.7,145.1,False
2026-05-23 22:09:06,FAMI,1.46,0.53,18.21,True,54.8,False,True,True,3,T3,19.7,18.7,False
2026-05-23 22:09:06,MLP,17.3,1.1,16.05,True,57.0,True,True,True,4,T4,11.3,12.0,False
2026-05-23 22:09:06,SEPN,28.36,1.31,15.92,True,59.2,False,True,True,6,T6,15.0,13.0,False
2026-05-23 22:09:06,GLSI,27.65,1.48,15.13,True,60.1,False,True,True,6,T6,14.2,15.3,False
2026-05-23 22:09:06,PSNL,8.47,2.12,14.52,True,56.4,False,True,True,6,T6,38.9,42.1,False
2026-05-23 22:09:06,TXG,23.68,1.96,14.31,True,59.3,False,True,True,6,T6,7.2,6.3,False
2026-05-23 22:09:06,CMTL,4.79,1.86,13.35,True,57.4,False,True,True,6,T6,21.0,26.1,False
2026-05-23 22:09:06,SHMD,7.49,1.01,13.15,True,57.7,False,True,True,6,T6,7.5,22.7,False
2026-05-23 22:09:06,IINN,0.73,1.16,12.4,True,53.1,True,True,True,4,T4,35.8,42.8,False
2026-05-23 22:09:06,CMMB,2.02,0.95,12.25,True,50.1,False,True,True,3,T3,25.5,31.2,False
2026-05-23 22:09:06,TOP,0.98,0.81,10.33,True,52.1,True,True,True,4,T4,23.0,25.4,False
2026-05-23 22:09:06,OPK,1.27,0.83,9.79,True,53.0,True,True,True,4,T4,3.3,5.8,False
2026-05-23 22:09:06,CARL,12.11,1.62,7.87,True,52.2,True,True,True,4,T4,18.6,22.8,False
2026-05-23 22:09:06,MBAI,1.78,1.23,7.1,True,54.0,False,True,True,6,T6,16.3,17.1,False
2026-05-23 22:09:06,NVAX,9.21,1.49,6.0,True,53.8,True,True,True,4,T4,12.0,14.1,False
2026-05-23 22:09:06,VSCO,52.45,1.63,5.57,True,54.3,False,True,True,6,T6,-0.6,-0.2,False
2026-05-23 22:09:06,KAI,319.42,1.36,2.88,True,51.7,False,True,True,6,T6,2.1,1.0,False
2026-05-23 22:09:06,SUNS,8.3,0.82,2.64,True,47.5,True,True,True,4,T4,10.2,10.1,False
2026-05-23 22:09:06,LUNG,1.55,1.02,1.29,True,47.5,False,True,True,3,T3,22.0,21.1,False
2026-05-23 22:09:06,AEBI,12.1,2.28,0.0,False,48.8,False,True,True,6,T6,5.4,7.4,False
2026-05-23 22:09:06,AHMA,1.15,0.74,0.0,False,40.6,False,True,True,6,T6,4.5,9.5,False
2026-05-23 22:09:06,ALK,41.34,1.67,0.0,False,46.0,False,True,True,6,T6,-0.6,2.2,False
2026-05-23 22:09:06,ARE,48.37,0.79,0.0,False,46.2,False,True,True,6,T6,2.0,6.2,False
2026-05-23 22:09:06,AVD,2.81,0.86,0.0,False,39.8,False,True,True,6,T6,-5.1,-5.1,False
2026-05-23 22:09:06,BBW,36.97,1.32,0.0,False,38.3,False,True,True,6,T6,-4.1,-4.1,False
2026-05-23 22:09:06,BLIV,2.45,4.03,0.0,False,39.7,False,True,True,6,T6,-2.0,0.0,False
2026-05-23 22:09:06,BLND,1.47,0.91,0.0,False,35.9,False,True,True,6,T6,0.7,4.3,False
2026-05-23 22:09:06,CLW,14.08,0.98,0.0,False,40.2,False,True,True,6,T6,-3.8,-3.7,False
2026-05-23 22:09:06,CMCT,4.86,1.77,0.0,False,32.3,False,True,True,6,T6,-9.7,-7.6,False
2026-05-23 22:09:06,CRMT,11.88,1.16,0.0,False,33.6,False,True,True,6,T6,-4.3,-4.7,False
2026-05-23 22:09:06,DERM,5.96,1.1,0.0,False,45.2,False,True,True,6,T6,15.7,13.3,False
2026-05-23 22:09:06,GCL,0.69,1.04,0.0,False,38.2,False,True,True,6,T6,32.5,30.0,False
2026-05-23 22:09:06,GRAN,1.05,0.83,0.0,False,32.8,False,True,True,6,T6,1.0,5.0,False
2026-05-23 22:09:06,HVT,22.35,0.88,0.0,False,49.2,False,True,True,6,T6,-1.6,-1.4,False
2026-05-23 22:09:06,INAB,1.67,1.11,0.0,False,45.6,False,True,True,6,T6,11.3,7.1,False
2026-05-23 22:09:06,INO,1.35,1.1,0.0,False,43.6,True,True,True,5,T5,17.4,15.4,False
2026-05-23 22:09:06,LFCR,4.93,1.61,0.0,False,41.5,False,True,True,6,T6,-1.8,-3.0,False
2026-05-23 22:09:06,MCRB,7.92,1.06,0.0,False,35.0,False,True,True,6,T6,-2.2,8.2,False
2026-05-23 22:09:06,ORBS,0.94,1.82,0.0,False,41.1,False,True,True,6,T6,4.8,8.2,False
2026-05-23 22:09:06,PETS,2.12,1.06,0.0,False,36.8,False,True,True,6,T6,-7.4,-7.8,False
2026-05-23 22:09:06,PRHI,0.72,0.29,0.0,False,48.1,False,True,True,6,T6,9.9,6.5,False
2026-05-23 22:09:06,QRHC,1.15,1.18,0.0,False,36.6,False,True,True,6,T6,0.9,2.7,False
2026-05-23 22:09:06,RANI,1.07,2.24,0.0,False,48.2,False,True,True,6,T6,14.0,20.2,False
2026-05-23 22:09:06,RVPH,0.41,1.24,0.0,False,28.1,False,True,True,6,T6,-54.1,-53.2,False
2026-05-23 22:09:06,RWAY,6.32,0.59,0.0,False,36.1,False,True,True,6,T6,3.6,4.1,False
2026-05-23 22:09:06,SARO,26.74,1.14,0.0,False,47.6,False,True,True,6,T6,9.0,9.2,False
2026-05-23 22:09:06,SIGA,4.68,0.83,0.0,False,43.0,False,True,True,6,T6,2.4,2.6,False
2026-05-23 22:09:06,STEX,1.28,1.81,0.0,False,37.1,False,True,True,6,T6,25.5,28.4,False
2026-05-23 22:09:06,SVC,1.71,1.29,0.0,False,45.5,True,True,True,5,T5,11.0,11.8,False
2026-05-23 22:09:06,UONE,6.02,1.0,0.0,False,38.0,False,True,True,6,T6,6.5,9.3,False
2026-05-23 22:09:06,WGRX,0.08,1.36,0.0,False,31.4,False,True,True,6,T6,-36.2,-33.6,False
2026-05-23 22:09:06,YMT,1.05,0.69,0.0,False,24.5,False,True,True,6,T6,-64.5,-63.5,False
2026-05-23 22:09:06,YYGH,0.38,1.46,0.0,False,30.0,False,True,True,6,T6,-71.7,-72.4,False
2026-05-30 12:13:05,AA,77.64,1.6,20.0,False,69.2,True,True,True,5,T5,24.2,24.2,False
2026-05-30 12:13:05,ALNT,79.16,1.26,20.0,True,65.8,False,True,True,6,T6,3.8,3.8,False
2026-05-30 12:13:05,ASTI,7.43,2.04,20.0,True,63.5,True,True,True,4,T4,59.8,59.8,False
2026-05-30 12:13:05,BBY,77.95,1.12,20.0,True,63.2,True,True,True,4,T4,29.8,29.8,False
2026-05-30 12:13:05,CZR,29.05,1.47,20.0,False,61.6,False,True,True,6,T6,2.4,2.4,False
2026-05-30 12:13:05,DXCM,73.74,0.83,20.0,False,59.9,False,True,True,6,T6,20.2,20.2,False
2026-05-30 12:13:05,ECOR,9.76,1.27,20.0,True,68.2,False,True,True,6,T6,47.0,47.0,False
2026-05-30 12:13:05,ODFL,225.15,1.13,20.0,True,67.0,False,True,True,6,T6,9.4,9.4,False
2026-05-30 12:13:05,OPTX,9.95,2.2,20.0,False,64.8,False,True,True,6,T6,15.4,15.4,False
2026-05-30 12:13:05,PDYN,8.43,2.01,20.0,True,61.5,False,True,True,3,T3,33.0,33.0,False
2026-05-30 12:13:05,SPAI,6.15,1.4,20.0,True,60.2,True,True,True,4,T4,36.7,36.7,False
2026-05-30 12:13:05,CRI,38.59,1.05,13.34,True,57.3,True,True,True,4,T4,15.3,15.3,False
2026-05-30 12:13:05,DECK,113.85,1.35,12.77,True,56.0,True,True,True,4,T4,12.9,12.9,False
2026-05-30 12:13:05,WSM,203.57,1.4,12.63,True,56.4,True,True,True,4,T4,13.1,13.1,False
2026-05-30 12:13:05,BAER,2.34,1.3,12.31,True,56.0,False,True,True,6,T6,14.1,14.1,False
2026-05-30 12:13:05,VHC,17.45,0.58,11.05,True,54.2,False,True,True,6,T6,34.1,34.1,False
2026-05-30 12:13:05,ALGT,91.61,1.94,9.86,True,55.6,False,True,True,6,T6,22.1,22.1,False
2026-05-30 12:13:05,CHRW,178.65,0.65,8.4,True,56.4,False,True,True,6,T6,0.8,0.8,False
2026-05-30 12:13:05,PPG,112.98,0.94,8.32,True,54.2,False,True,True,6,T6,5.8,5.8,False
2026-05-30 12:13:05,ASUR,9.25,0.85,8.31,True,53.8,False,True,True,6,T6,0.7,0.7,False
2026-05-30 12:13:05,CRSP,56.18,1.44,7.68,True,53.4,True,True,True,4,T4,8.8,8.8,False
2026-05-30 12:13:05,LUV,42.95,1.3,7.47,True,54.5,False,True,True,6,T6,10.8,10.8,False
2026-05-30 12:13:05,SPXC,216.66,1.39,6.92,True,54.1,False,True,True,6,T6,4.1,4.1,False
2026-05-30 12:13:05,PLCE,4.18,1.81,6.62,True,49.2,False,True,True,3,T3,28.2,28.2,False
2026-05-30 12:13:05,AMRX,13.17,0.96,6.51,True,54.9,False,True,True,6,T6,2.7,2.7,False
2026-05-30 12:13:05,RZLV,2.98,1.73,6.13,True,51.4,False,True,True,3,T3,11.6,11.6,False
2026-05-30 12:13:05,CRL,180.71,1.41,5.54,True,52.4,False,True,True,6,T6,9.0,9.0,False
2026-05-30 12:13:05,CCL,28.06,1.84,5.2,True,52.0,False,True,True,6,T6,5.9,5.9,False
2026-05-30 12:13:05,AMWD,48.09,1.09,5.04,True,49.9,True,True,True,4,T4,8.5,10.1,False
2026-05-30 12:13:05,SAFE,14.97,0.68,4.07,True,52.1,False,True,True,6,T6,0.7,0.7,False
2026-05-30 12:13:05,RL,363.9,1.38,4.04,False,53.4,False,True,True,6,T6,0.5,0.5,False
2026-05-30 12:13:05,RPM,105.97,0.9,3.95,True,50.8,True,True,True,4,T4,4.6,4.6,False
2026-05-30 12:13:05,GNTA,1.03,0.52,3.93,True,46.2,False,True,True,3,T3,41.1,41.1,False
2026-05-30 12:13:05,CVCO,536.52,1.01,3.5,True,51.0,False,True,True,6,T6,5.1,5.1,False
2026-05-30 12:13:05,PSN,59.1,0.74,2.53,True,47.7,True,True,True,4,T4,16.2,16.2,False
2026-05-30 12:13:05,BOOT,169.87,1.45,2.31,True,50.3,False,True,True,6,T6,-0.9,-0.9,False
2026-05-30 12:13:05,VEEA,0.6,0.87,1.47,True,47.0,False,True,True,3,T3,15.8,15.8,False
2026-05-30 12:13:05,WW,16.62,2.39,1.36,True,46.6,True,True,True,4,T4,55.8,55.8,False
2026-05-30 12:13:05,CR,183.0,1.32,1.18,True,50.2,False,True,True,6,T6,6.4,6.4,False
2026-05-30 12:13:05,DAKT,20.68,1.25,1.06,True,51.0,False,True,True,6,T6,5.0,5.0,False
2026-05-30 12:13:05,DHI,147.09,0.58,0.09,True,49.7,False,True,True,6,T6,-1.6,-1.6,False
2026-05-30 12:13:05,ABVC,1.41,1.05,0.0,False,45.9,True,True,True,2,T2,36.9,36.9,False
2026-05-30 12:13:05,ALDX,1.75,1.35,0.0,False,33.7,False,True,True,6,T6,10.1,10.1,False
2026-05-30 12:13:05,AMBP,4.03,0.68,0.0,False,49.3,False,True,True,6,T6,2.3,2.3,False
2026-05-30 12:13:05,AMRN,14.49,0.9,0.0,False,48.2,False,True,True,6,T6,3.0,3.0,False
2026-05-30 12:13:05,AVAV,207.24,1.26,0.0,False,47.0,False,True,True,6,T6,12.0,12.0,False
2026-05-30 12:13:05,BCO,104.02,0.93,0.0,False,43.0,False,True,True,6,T6,-3.0,-3.0,False
2026-05-30 12:13:05,CMCL,23.76,0.7,0.0,False,46.5,False,True,True,6,T6,5.0,5.0,False
2026-05-30 12:13:05,COOT,0.62,0.77,0.0,False,46.4,False,True,True,6,T6,-0.8,-0.8,False
2026-05-30 12:13:05,CPRI,18.51,1.79,0.0,False,44.1,False,True,True,6,T6,-5.7,-5.7,False
2026-05-30 12:13:05,CXAI,0.21,0.81,0.0,False,39.1,False,True,True,6,T6,25.0,25.0,False
2026-05-30 12:13:05,DCGO,0.66,1.3,0.0,False,40.2,False,True,True,6,T6,-2.4,-2.4,False
2026-05-30 12:13:05,DFH,15.46,1.16,0.0,False,44.1,False,True,True,6,T6,1.3,1.3,False
2026-05-30 12:13:05,DFNS,0.45,-0.75,0.0,False,32.0,False,True,True,6,T6,-6.1,-6.1,False
2026-05-30 12:13:05,ECX,1.18,0.91,0.0,False,43.9,False,True,True,6,T6,7.3,7.3,False
2026-05-30 12:13:05,FNUC,2.4,0.35,0.0,False,43.5,False,True,True,6,T6,6.2,6.2,False
2026-05-30 12:13:05,FRMI,6.98,3.29,0.0,False,39.3,False,True,True,6,T6,35.0,35.0,False
2026-05-30 12:13:05,GFAI,0.53,1.9,0.0,False,45.4,False,True,True,6,T6,-8.6,-8.6,False
2026-05-30 12:13:05,GRBK,67.26,0.82,0.0,False,49.8,False,True,True,6,T6,1.5,1.5,False
2026-05-30 12:13:05,HIND,2.34,-0.12,0.0,False,24.8,False,True,True,6,T6,19.4,19.4,False
2026-05-30 12:13:05,HOFT,11.97,0.76,0.0,False,47.8,False,True,True,6,T6,-1.4,-1.4,False
2026-05-30 12:13:05,HOLO,2.17,0.96,0.0,False,34.2,False,True,True,6,T6,29.9,29.9,False
2026-05-30 12:13:05,JBI,5.34,1.05,0.0,False,40.2,False,True,True,6,T6,3.7,3.7,False
2026-05-30 12:13:05,KG,11.24,0.88,0.0,False,44.4,False,True,True,6,T6,18.2,18.2,False
2026-05-30 12:13:05,KRMD,4.06,1.12,0.0,False,43.1,False,True,True,6,T6,-0.2,-0.2,False
2026-05-30 12:13:05,LEN,89.78,0.68,0.0,False,40.8,False,True,True,6,T6,1.5,1.5,False
2026-05-30 12:13:05,LNSR,5.8,0.6,0.0,False,30.4,False,True,True,6,T6,3.4,3.4,False
2026-05-30 12:13:05,LX,2.2,1.14,0.0,False,37.1,False,True,True,6,T6,1.9,1.9,False
2026-05-30 12:13:05,MBC,8.68,1.16,0.0,False,44.4,False,True,True,6,T6,-4.4,-4.4,False
2026-05-30 12:13:05,MDCX,0.38,0.97,0.0,False,33.5,False,True,True,6,T6,33.0,33.0,False
2026-05-30 12:13:05,MIRA,1.06,1.75,0.0,False,44.6,False,True,True,6,T6,1.9,1.9,False
2026-05-30 12:13:05,MODD,4.98,1.0,0.0,False,35.4,False,True,True,6,T6,20.3,20.3,False
2026-05-30 12:13:05,MTH,65.24,0.9,0.0,False,47.5,False,True,True,6,T6,-1.7,-1.7,False
2026-05-30 12:13:05,PHR,9.86,0.99,0.0,False,36.1,False,True,True,6,T6,2.0,2.0,False
2026-05-30 12:13:05,PLAY,13.37,1.35,0.0,False,46.6,True,True,True,2,T2,15.0,15.0,False
2026-05-30 12:13:05,PRGS,32.83,0.68,0.0,False,46.2,True,True,True,5,T5,13.4,13.4,False
2026-05-30 12:13:05,RCT,0.68,1.82,0.0,False,38.6,False,True,True,6,T6,-3.5,-3.5,False
2026-05-30 12:13:05,RGEN,123.95,1.38,0.0,False,47.6,False,True,True,6,T6,5.8,5.8,False
2026-05-30 12:13:05,RYAN,31.85,0.35,0.0,False,32.4,False,True,True,6,T6,3.7,3.7,False
2026-05-30 12:13:05,SERA,2.16,1.06,0.0,False,46.0,True,True,True,2,T2,13.1,13.1,False
2026-05-30 12:13:05,SERV,9.35,2.63,0.0,False,47.7,True,True,True,2,T2,-0.5,-0.5,False
2026-05-30 12:13:05,SOFI,18.22,2.26,0.0,False,46.1,False,True,True,6,T6,10.9,10.9,False
2026-05-30 12:13:05,SPWR,1.06,1.64,0.0,False,40.8,False,True,True,6,T6,15.7,15.7,False
2026-05-30 12:13:05,TAOP,1.36,1.34,0.0,False,38.7,False,True,True,6,T6,3.0,3.0,False
2026-05-30 12:13:05,TEM,50.47,2.63,0.0,False,45.9,False,True,True,6,T6,-8.2,-8.2,False
2026-05-30 12:13:05,THO,79.08,1.09,0.0,False,39.8,False,True,True,6,T6,1.2,1.2,False
2026-05-30 12:13:05,TRIP,11.18,1.63,0.0,False,46.6,False,True,True,6,T6,-3.3,-3.3,False
2026-05-30 12:13:05,YEXT,4.18,0.67,0.0,False,37.7,True,True,True,5,T5,1.7,1.7,False
2026-05-30 12:13:09,AA,77.64,1.6,20.0,False,69.2,True,True,True,5,T5,24.2,24.2,False
2026-05-30 12:13:09,ALNT,79.16,1.26,20.0,True,65.8,False,True,True,6,T6,3.8,3.8,False
2026-05-30 12:13:09,ASTI,7.43,2.04,20.0,True,63.5,True,True,True,4,T4,59.8,59.8,False
2026-05-30 12:13:09,BBY,77.95,1.12,20.0,True,63.2,True,True,True,4,T4,29.8,29.8,False
2026-05-30 12:13:09,CZR,29.05,1.47,20.0,False,61.6,False,True,True,6,T6,2.4,2.4,False
2026-05-30 12:13:09,DXCM,73.74,0.83,20.0,False,59.9,False,True,True,6,T6,20.2,20.2,False
2026-05-30 12:13:09,ECOR,9.76,1.27,20.0,True,68.2,False,True,True,6,T6,47.0,47.0,False
2026-05-30 12:13:09,ODFL,225.15,1.13,20.0,True,67.0,False,True,True,6,T6,9.4,9.4,False
2026-05-30 12:13:09,OPTX,9.95,2.2,20.0,False,64.8,False,True,True,6,T6,15.4,15.4,False
2026-05-30 12:13:09,PDYN,8.43,2.01,20.0,True,61.5,False,True,True,3,T3,33.0,33.0,False
2026-05-30 12:13:09,SPAI,6.15,1.4,20.0,True,60.2,True,True,True,4,T4,36.7,36.7,False
2026-05-30 12:13:09,CRI,38.59,1.05,13.34,True,57.3,True,True,True,4,T4,15.3,15.3,False
2026-05-30 12:13:09,DECK,113.85,1.35,12.77,True,56.0,True,True,True,4,T4,12.9,12.9,False
2026-05-30 12:13:09,WSM,203.57,1.4,12.63,True,56.4,True,True,True,4,T4,13.1,13.1,False
2026-05-30 12:13:09,BAER,2.34,1.3,12.31,True,56.0,False,True,True,6,T6,14.1,14.1,False
2026-05-30 12:13:09,VHC,17.45,0.58,11.05,True,54.2,False,True,True,6,T6,34.1,34.1,False
2026-05-30 12:13:09,ALGT,91.61,1.94,9.86,True,55.6,False,True,True,6,T6,22.1,22.1,False
2026-05-30 12:13:09,CHRW,178.65,0.65,8.4,True,56.4,False,True,True,6,T6,0.8,0.8,False
2026-05-30 12:13:09,PPG,112.98,0.94,8.32,True,54.2,False,True,True,6,T6,5.8,5.8,False
2026-05-30 12:13:09,ASUR,9.25,0.85,8.31,True,53.8,False,True,True,6,T6,0.7,0.7,False
2026-05-30 12:13:09,CRSP,56.18,1.44,7.68,True,53.4,True,True,True,4,T4,8.8,8.8,False
2026-05-30 12:13:09,LUV,42.95,1.3,7.47,True,54.5,False,True,True,6,T6,10.8,10.8,False
2026-05-30 12:13:09,SPXC,216.66,1.39,6.92,True,54.1,False,True,True,6,T6,4.1,4.1,False
2026-05-30 12:13:09,PLCE,4.18,1.81,6.62,True,49.2,False,True,True,3,T3,28.2,28.2,False
2026-05-30 12:13:09,AMRX,13.17,0.96,6.51,True,54.9,False,True,True,6,T6,2.7,2.7,False
2026-05-30 12:13:09,RZLV,2.98,1.73,6.13,True,51.4,False,True,True,3,T3,11.6,11.6,False
2026-05-30 12:13:09,CRL,180.71,1.41,5.54,True,52.4,False,True,True,6,T6,9.0,9.0,False
2026-05-30 12:13:09,CCL,28.06,1.84,5.2,True,52.0,False,True,True,6,T6,5.9,5.9,False
2026-05-30 12:13:09,AMWD,48.09,1.09,5.04,True,49.9,True,True,True,4,T4,8.5,10.1,False
2026-05-30 12:13:09,SAFE,14.97,0.68,4.07,True,52.1,False,True,True,6,T6,0.7,0.7,False
2026-05-30 12:13:09,RL,363.9,1.38,4.04,False,53.4,False,True,True,6,T6,0.5,0.5,False
2026-05-30 12:13:09,RPM,105.97,0.9,3.95,True,50.8,True,True,True,4,T4,4.6,4.6,False
2026-05-30 12:13:09,GNTA,1.03,0.52,3.93,True,46.2,False,True,True,3,T3,41.1,41.1,False
2026-05-30 12:13:09,CVCO,536.52,1.01,3.5,True,51.0,False,True,True,6,T6,5.1,5.1,False
2026-05-30 12:13:09,PSN,59.1,0.74,2.53,True,47.7,True,True,True,4,T4,16.2,16.2,False
2026-05-30 12:13:09,BOOT,169.87,1.45,2.31,True,50.3,False,True,True,6,T6,-0.9,-0.9,False
2026-05-30 12:13:09,VEEA,0.6,0.87,1.47,True,47.0,False,True,True,3,T3,15.8,15.8,False
2026-05-30 12:13:09,WW,16.62,2.39,1.36,True,46.6,True,True,True,4,T4,55.8,55.8,False
2026-05-30 12:13:09,CR,183.0,1.32,1.18,True,50.2,False,True,True,6,T6,6.4,6.4,False
2026-05-30 12:13:09,DAKT,20.68,1.25,1.06,True,51.0,False,True,True,6,T6,5.0,5.0,False
2026-05-30 12:13:09,DHI,147.09,0.58,0.09,True,49.7,False,True,True,6,T6,-1.6,-1.6,False
2026-05-30 12:13:09,ABVC,1.41,1.05,0.0,False,45.9,True,True,True,2,T2,36.9,36.9,False
2026-05-30 12:13:09,ALDX,1.75,1.35,0.0,False,33.7,False,True,True,6,T6,10.1,10.1,False
2026-05-30 12:13:09,AMBP,4.03,0.68,0.0,False,49.3,False,True,True,6,T6,2.3,2.3,False
2026-05-30 12:13:09,AMRN,14.49,0.9,0.0,False,48.2,False,True,True,6,T6,3.0,3.0,False
2026-05-30 12:13:09,AVAV,207.24,1.26,0.0,False,47.0,False,True,True,6,T6,12.0,12.0,False
2026-05-30 12:13:09,BCO,104.02,0.93,0.0,False,43.0,False,True,True,6,T6,-3.0,-3.0,False
2026-05-30 12:13:09,CMCL,23.76,0.7,0.0,False,46.5,False,True,True,6,T6,5.0,5.0,False
2026-05-30 12:13:09,COOT,0.62,0.77,0.0,False,46.4,False,True,True,6,T6,-0.8,-0.8,False
2026-05-30 12:13:09,CPRI,18.51,1.79,0.0,False,44.1,False,True,True,6,T6,-5.7,-5.7,False
2026-05-30 12:13:09,CXAI,0.21,0.81,0.0,False,39.1,False,True,True,6,T6,25.0,25.0,False
2026-05-30 12:13:09,DCGO,0.66,1.3,0.0,False,40.2,False,True,True,6,T6,-2.4,-2.4,False
2026-05-30 12:13:09,DFH,15.46,1.16,0.0,False,44.1,False,True,True,6,T6,1.3,1.3,False
2026-05-30 12:13:09,DFNS,0.45,-0.75,0.0,False,32.0,False,True,True,6,T6,-6.1,-6.1,False
2026-05-30 12:13:09,ECX,1.18,0.91,0.0,False,43.9,False,True,True,6,T6,7.3,7.3,False
2026-05-30 12:13:09,FNUC,2.4,0.35,0.0,False,43.5,False,True,True,6,T6,6.2,6.2,False
2026-05-30 12:13:09,FRMI,6.98,3.29,0.0,False,39.3,False,True,True,6,T6,35.0,35.0,False
2026-05-30 12:13:09,GFAI,0.53,1.9,0.0,False,45.4,False,True,True,6,T6,-8.6,-8.6,False
2026-05-30 12:13:09,GRBK,67.26,0.82,0.0,False,49.8,False,True,True,6,T6,1.5,1.5,False
2026-05-30 12:13:09,HIND,2.34,-0.12,0.0,False,24.8,False,True,True,6,T6,19.4,19.4,False
2026-05-30 12:13:09,HOFT,11.97,0.76,0.0,False,47.8,False,True,True,6,T6,-1.4,-1.4,False
2026-05-30 12:13:09,HOLO,2.17,0.96,0.0,False,34.2,False,True,True,6,T6,29.9,29.9,False
2026-05-30 12:13:09,JBI,5.34,1.05,0.0,False,40.2,False,True,True,6,T6,3.7,3.7,False
2026-05-30 12:13:09,KG,11.24,0.88,0.0,False,44.4,False,True,True,6,T6,18.2,18.2,False
2026-05-30 12:13:09,KRMD,4.06,1.12,0.0,False,43.1,False,True,True,6,T6,-0.2,-0.2,False
2026-05-30 12:13:09,LEN,89.78,0.68,0.0,False,40.8,False,True,True,6,T6,1.5,1.5,False
2026-05-30 12:13:09,LNSR,5.8,0.6,0.0,False,30.4,False,True,True,6,T6,3.4,3.4,False
2026-05-30 12:13:09,LX,2.2,1.14,0.0,False,37.1,False,True,True,6,T6,1.9,1.9,False
2026-05-30 12:13:09,MBC,8.68,1.16,0.0,False,44.4,False,True,True,6,T6,-4.4,-4.4,False
2026-05-30 12:13:09,MDCX,0.38,0.97,0.0,False,33.5,False,True,True,6,T6,33.0,33.0,False
2026-05-30 12:13:09,MIRA,1.06,1.75,0.0,False,44.6,False,True,True,6,T6,1.9,1.9,False
2026-05-30 12:13:09,MODD,4.98,1.0,0.0,False,35.4,False,True,True,6,T6,20.3,20.3,False
2026-05-30 12:13:09,MTH,65.24,0.9,0.0,False,47.5,False,True,True,6,T6,-1.7,-1.7,False
2026-05-30 12:13:09,PHR,9.86,0.99,0.0,False,36.1,False,True,True,6,T6,2.0,2.0,False
2026-05-30 12:13:09,PLAY,13.37,1.35,0.0,False,46.6,True,True,True,2,T2,15.0,15.0,False
2026-05-30 12:13:09,PRGS,32.83,0.68,0.0,False,46.2,True,True,True,5,T5,13.4,13.4,False
2026-05-30 12:13:09,RCT,0.68,1.82,0.0,False,38.6,False,True,True,6,T6,-3.5,-3.5,False
2026-05-30 12:13:09,RGEN,123.95,1.38,0.0,False,47.6,False,True,True,6,T6,5.8,5.8,False
2026-05-30 12:13:09,RYAN,31.85,0.35,0.0,False,32.4,False,True,True,6,T6,3.7,3.7,False
2026-05-30 12:13:09,SERA,2.16,1.06,0.0,False,46.0,True,True,True,2,T2,13.1,13.1,False
2026-05-30 12:13:09,SERV,9.35,2.63,0.0,False,47.7,True,True,True,2,T2,-0.5,-0.5,False
2026-05-30 12:13:09,SOFI,18.22,2.26,0.0,False,46.1,False,True,True,6,T6,10.9,10.9,False
2026-05-30 12:13:09,SPWR,1.06,1.64,0.0,False,40.8,False,True,True,6,T6,15.7,15.7,False
2026-05-30 12:13:09,TAOP,1.36,1.34,0.0,False,38.7,False,True,True,6,T6,3.0,3.0,False
2026-05-30 12:13:09,TEM,50.47,2.63,0.0,False,45.9,False,True,True,6,T6,-8.2,-8.2,False
2026-05-30 12:13:09,THO,79.08,1.09,0.0,False,39.8,False,True,True,6,T6,1.2,1.2,False
2026-05-30 12:13:09,TRIP,11.18,1.63,0.0,False,46.6,False,True,True,6,T6,-3.3,-3.3,False
2026-05-30 12:13:09,YEXT,4.18,0.67,0.0,False,37.7,True,True,True,5,T5,1.7,1.7,False
2026-05-31 20:54:08,AA,77.64,1.6,20.0,False,69.2,True,True,True,5,T5,24.2,24.2,False
2026-05-31 20:54:08,ALNT,79.16,1.26,20.0,True,65.8,False,True,True,6,T6,3.8,3.8,False
2026-05-31 20:54:08,ASTI,7.43,2.04,20.0,True,63.5,True,True,True,4,T4,59.8,59.8,False
2026-05-31 20:54:08,BBY,77.95,1.12,20.0,True,63.2,True,True,True,4,T4,29.8,29.8,False
2026-05-31 20:54:08,CZR,29.05,1.47,20.0,False,61.6,False,True,True,6,T6,2.4,2.4,False
2026-05-31 20:54:08,DXCM,73.74,0.83,20.0,False,59.9,False,True,True,6,T6,20.2,20.2,False
2026-05-31 20:54:08,ECOR,9.76,1.27,20.0,True,68.2,False,True,True,6,T6,47.0,47.0,False
2026-05-31 20:54:08,ODFL,225.15,1.13,20.0,True,67.0,False,True,True,6,T6,9.4,9.4,False
2026-05-31 20:54:08,OPTX,9.95,2.2,20.0,False,64.8,False,True,True,6,T6,15.4,15.4,False
2026-05-31 20:54:08,PDYN,8.43,2.01,20.0,True,61.5,False,True,True,3,T3,33.0,33.0,False
2026-05-31 20:54:08,SPAI,6.15,1.4,20.0,True,60.2,True,True,True,4,T4,36.7,36.7,False
2026-05-31 20:54:08,CRI,38.59,1.05,13.34,True,57.3,True,True,True,4,T4,15.3,15.3,False
2026-05-31 20:54:08,DECK,113.85,1.35,12.77,True,56.0,True,True,True,4,T4,12.9,12.9,False
2026-05-31 20:54:08,WSM,203.57,1.4,12.63,True,56.4,True,True,True,4,T4,13.1,13.1,False
2026-05-31 20:54:08,BAER,2.34,1.3,12.31,True,56.0,False,True,True,6,T6,14.1,14.1,False
2026-05-31 20:54:08,VHC,17.45,0.58,11.05,True,54.2,False,True,True,6,T6,34.1,34.1,False
2026-05-31 20:54:08,ALGT,91.61,1.94,9.86,True,55.6,False,True,True,6,T6,22.1,22.1,False
2026-05-31 20:54:08,CHRW,178.65,0.65,8.4,True,56.4,False,True,True,6,T6,0.8,0.8,False
2026-05-31 20:54:08,PPG,112.98,0.94,8.32,True,54.2,False,True,True,6,T6,5.8,5.8,False
2026-05-31 20:54:08,ASUR,9.25,0.85,8.31,True,53.8,False,True,True,6,T6,0.7,0.7,False
2026-05-31 20:54:08,CRSP,56.18,1.44,7.68,True,53.4,True,True,True,4,T4,8.8,8.8,False
2026-05-31 20:54:08,LUV,42.95,1.3,7.47,True,54.5,False,True,True,6,T6,10.8,10.8,False
2026-05-31 20:54:08,SPXC,216.66,1.39,6.92,True,54.1,False,True,True,6,T6,4.1,4.1,False
2026-05-31 20:54:08,PLCE,4.18,1.81,6.62,True,49.2,False,True,True,3,T3,28.2,28.2,False
2026-05-31 20:54:08,AMRX,13.17,0.96,6.51,True,54.9,False,True,True,6,T6,2.7,2.7,False
2026-05-31 20:54:08,RZLV,2.98,1.73,6.13,True,51.4,False,True,True,3,T3,11.6,11.6,False
2026-05-31 20:54:08,CRL,180.71,1.41,5.54,True,52.4,False,True,True,6,T6,9.0,9.0,False
2026-05-31 20:54:08,CCL,28.06,1.84,5.2,True,52.0,False,True,True,6,T6,5.9,5.9,False
2026-05-31 20:54:08,AMWD,48.09,1.09,5.04,True,49.9,True,True,True,4,T4,8.5,10.1,False
2026-05-31 20:54:08,SAFE,14.97,0.68,4.07,True,52.1,False,True,True,6,T6,0.7,0.7,False
2026-05-31 20:54:08,RL,363.9,1.38,4.04,False,53.4,False,True,True,6,T6,0.5,0.5,False
2026-05-31 20:54:08,RPM,105.97,0.9,3.95,True,50.8,True,True,True,4,T4,4.6,4.6,False
2026-05-31 20:54:08,GNTA,1.03,0.52,3.93,True,46.2,False,True,True,3,T3,41.1,41.1,False
2026-05-31 20:54:08,CVCO,536.52,1.01,3.5,True,51.0,False,True,True,6,T6,5.1,5.1,False
2026-05-31 20:54:08,PSN,59.1,0.74,2.53,True,47.7,True,True,True,4,T4,16.2,16.2,False
2026-05-31 20:54:08,BOOT,169.87,1.45,2.31,True,50.3,False,True,True,6,T6,-0.9,-0.9,False
2026-05-31 20:54:08,VEEA,0.61,0.87,1.54,True,47.1,False,True,True,3,T3,15.9,15.9,False
2026-05-31 20:54:08,WW,16.62,2.39,1.36,True,46.6,True,True,True,4,T4,55.8,55.8,False
2026-05-31 20:54:08,CR,183.0,1.32,1.18,True,50.2,False,True,True,6,T6,6.4,6.4,False
2026-05-31 20:54:08,DAKT,20.68,1.25,1.06,True,51.0,False,True,True,6,T6,5.0,5.0,False
2026-05-31 20:54:08,DHI,147.09,0.58,0.09,True,49.7,False,True,True,6,T6,-1.6,-1.6,False
2026-05-31 20:54:08,ABVC,1.41,1.05,0.0,False,45.9,True,True,True,2,T2,36.9,36.9,False
2026-05-31 20:54:08,ALDX,1.75,1.35,0.0,False,33.7,False,True,True,6,T6,10.1,10.1,False
2026-05-31 20:54:08,AMBP,4.03,0.68,0.0,False,49.3,False,True,True,6,T6,2.3,2.3,False
2026-05-31 20:54:08,AMRN,14.49,0.9,0.0,False,48.2,False,True,True,6,T6,3.0,3.0,False
2026-05-31 20:54:08,AVAV,207.24,1.26,0.0,False,47.0,False,True,True,6,T6,12.0,12.0,False
2026-05-31 20:54:08,BCO,104.02,0.93,0.0,False,43.0,False,True,True,6,T6,-3.0,-3.0,False
2026-05-31 20:54:08,CMCL,23.76,0.7,0.0,False,46.5,False,True,True,6,T6,5.0,5.0,False
2026-05-31 20:54:08,COOT,0.62,0.77,0.0,False,46.3,False,True,True,6,T6,-0.8,-0.8,False
2026-05-31 20:54:08,CPRI,18.51,1.79,0.0,False,44.1,False,True,True,6,T6,-5.7,-5.7,False
2026-05-31 20:54:08,CXAI,0.21,0.81,0.0,False,39.2,False,True,True,6,T6,25.3,25.3,False
2026-05-31 20:54:08,DCGO,0.66,1.3,0.0,False,40.2,False,True,True,6,T6,-2.4,-2.4,False
2026-05-31 20:54:08,DFH,15.46,1.16,0.0,False,44.1,False,True,True,6,T6,1.3,1.3,False
2026-05-31 20:54:08,DFNS,0.44,-0.75,0.0,False,32.0,False,True,True,6,T6,-6.1,-6.1,False
2026-05-31 20:54:08,ECX,1.18,0.91,0.0,False,43.9,False,True,True,6,T6,7.3,7.3,False
2026-05-31 20:54:08,FNUC,2.4,0.35,0.0,False,43.5,False,True,True,6,T6,6.2,6.2,False
2026-05-31 20:54:08,FRMI,6.98,3.29,0.0,False,39.3,False,True,True,6,T6,35.0,35.0,False
2026-05-31 20:54:08,GFAI,0.53,1.9,0.0,False,45.4,False,True,True,6,T6,-8.6,-8.6,False
2026-05-31 20:54:08,GRBK,67.26,0.82,0.0,False,49.8,False,True,True,6,T6,1.5,1.5,False
2026-05-31 20:54:08,HIND,2.34,-0.12,0.0,False,24.8,False,True,True,6,T6,19.4,19.4,False
2026-05-31 20:54:08,HOFT,11.97,0.76,0.0,False,47.8,False,True,True,6,T6,-1.4,-1.4,False
2026-05-31 20:54:08,HOLO,2.17,0.96,0.0,False,34.2,False,True,True,6,T6,29.9,29.9,False
2026-05-31 20:54:08,JBI,5.34,1.05,0.0,False,40.2,False,True,True,6,T6,3.7,3.7,False
2026-05-31 20:54:08,KG,11.24,0.88,0.0,False,44.4,False,True,True,6,T6,18.2,18.2,False
2026-05-31 20:54:08,KRMD,4.06,1.12,0.0,False,43.1,False,True,True,6,T6,-0.2,-0.2,False
2026-05-31 20:54:08,LEN,89.78,0.68,0.0,False,40.8,False,True,True,6,T6,1.5,1.5,False
2026-05-31 20:54:08,LNSR,5.8,0.6,0.0,False,30.4,False,True,True,6,T6,3.4,3.4,False
2026-05-31 20:54:08,LX,2.2,1.14,0.0,False,37.1,False,True,True,6,T6,1.9,1.9,False
2026-05-31 20:54:08,MBC,8.68,1.16,0.0,False,44.4,False,True,True,6,T6,-4.4,-4.4,False
2026-05-31 20:54:08,MDCX,0.38,0.97,0.0,False,33.5,False,True,True,6,T6,33.0,33.0,False
2026-05-31 20:54:08,MIRA,1.06,1.75,0.0,False,44.6,False,True,True,6,T6,1.9,1.9,False
2026-05-31 20:54:08,MODD,4.98,1.0,0.0,False,35.4,False,True,True,6,T6,20.3,20.3,False
2026-05-31 20:54:08,MTH,65.24,0.9,0.0,False,47.5,False,True,True,6,T6,-1.7,-1.7,False
2026-05-31 20:54:08,PHR,9.86,0.99,0.0,False,36.1,False,True,True,6,T6,2.0,2.0,False
2026-05-31 20:54:08,PLAY,13.37,1.35,0.0,False,46.6,True,True,True,2,T2,15.0,15.0,False
2026-05-31 20:54:08,PRGS,32.83,0.68,0.0,False,46.2,True,True,True,5,T5,13.4,13.4,False
2026-05-31 20:54:08,RCT,0.68,1.82,0.0,False,38.6,False,True,True,6,T6,-3.5,-3.5,False
2026-05-31 20:54:08,RGEN,123.95,1.38,0.0,False,47.6,False,True,True,6,T6,5.8,5.8,False
2026-05-31 20:54:08,RYAN,31.85,0.35,0.0,False,32.4,False,True,True,6,T6,3.7,3.7,False
2026-05-31 20:54:08,SERA,2.16,1.06,0.0,False,46.0,True,True,True,2,T2,13.1,13.1,False
2026-05-31 20:54:08,SERV,9.35,2.63,0.0,False,47.7,True,True,True,2,T2,-0.5,-0.5,False
2026-05-31 20:54:08,SOFI,18.22,2.26,0.0,False,46.1,False,True,True,6,T6,10.9,10.9,False
2026-05-31 20:54:08,SPWR,1.06,1.64,0.0,False,40.8,False,True,True,6,T6,15.7,15.7,False
2026-05-31 20:54:08,TAOP,1.36,1.34,0.0,False,38.7,False,True,True,6,T6,3.0,3.0,False
2026-05-31 20:54:08,TEM,50.47,2.63,0.0,False,45.9,False,True,True,6,T6,-8.2,-8.2,False
2026-05-31 20:54:08,THO,79.08,1.09,0.0,False,39.8,False,True,True,6,T6,1.2,1.2,False
2026-05-31 20:54:08,TRIP,11.18,1.63,0.0,False,46.6,False,True,True,6,T6,-3.3,-3.3,False
2026-05-31 20:54:08,YEXT,4.18,0.67,0.0,False,37.7,True,True,True,5,T5,1.7,1.7,False
2026-06-06 09:53:09,STI,35.72,2.33,20.0,True,84.1,True,True,True,4,T4,585.6,585.6,False
2026-06-06 09:53:09,VERU,3.4,1.51,20.0,True,64.0,False,True,True,6,T6,51.8,51.8,False
2026-06-06 09:53:09,ELTX,13.26,0.58,18.94,True,60.8,True,True,True,4,T4,33.8,33.8,False
2026-06-06 09:53:09,AMPX,19.69,2.52,17.62,False,61.8,False,True,True,6,T6,17.9,17.9,False
2026-06-06 09:53:09,BNED,10.37,1.33,11.37,True,56.1,False,True,True,6,T6,-1.4,-1.4,False
2026-06-06 09:53:09,SCOR,7.95,0.87,10.4,False,55.3,True,True,True,5,T5,8.0,8.0,False
2026-06-06 09:53:09,ELOG,1.21,0.29,8.37,True,48.1,False,True,True,6,T6,47.4,47.4,False
2026-06-06 09:53:09,GXAI,1.38,1.26,8.34,True,53.0,True,True,True,4,T4,9.5,9.5,False
2026-06-06 09:53:09,AXON,486.12,1.16,7.18,True,50.3,False,True,True,3,T3,20.5,20.5,False
2026-06-06 09:53:09,CNM,51.97,1.09,6.61,True,51.4,True,True,True,4,T4,5.9,5.9,False
2026-06-06 09:53:09,APTV,68.6,1.18,6.05,True,50.6,True,True,True,4,T4,18.4,18.4,False
2026-06-06 09:53:09,ELAN,23.63,1.31,5.35,False,54.0,False,True,True,6,T6,-0.1,-0.1,False
2026-06-06 09:53:09,AMWD,48.09,1.09,5.04,True,49.9,True,True,True,4,T4,8.5,10.1,False
2026-06-06 09:53:09,CLPR,3.17,0.86,4.76,True,50.6,False,True,True,6,T6,6.7,6.7,False
2026-06-06 09:53:09,STRT,77.31,1.29,2.82,False,51.9,False,True,True,6,T6,23.8,23.8,False
2026-06-06 09:53:09,ULBI,6.69,1.32,2.39,False,51.5,False,True,True,6,T6,12.1,12.1,False
2026-06-06 09:53:09,SENS,6.67,1.62,1.74,False,48.8,False,True,True,6,T6,32.6,32.6,False
2026-06-06 09:53:09,CNVS,2.56,1.28,1.54,True,48.6,False,True,True,3,T3,-0.4,-0.4,False
2026-06-06 09:53:09,APPN,24.73,1.06,1.2,True,47.7,True,True,True,4,T4,12.8,12.8,False
2026-06-06 09:53:09,AIRO,8.29,2.77,0.0,False,42.4,False,True,True,6,T6,12.9,12.9,False
2026-06-06 09:53:09,ARAY,0.34,1.94,0.0,False,32.5,False,True,True,6,T6,-10.0,-10.0,False
2026-06-06 09:53:09,AUID,1.25,1.18,0.0,False,41.6,False,True,True,6,T6,-3.1,-3.1,False
2026-06-06 09:53:09,AZTA,22.69,1.35,0.0,False,44.5,False,True,True,6,T6,18.1,18.1,False
2026-06-06 09:53:09,BAH,79.48,0.32,0.0,False,45.6,False,True,True,6,T6,3.2,3.2,False
2026-06-06 09:53:09,BARK,9.11,1.28,0.0,False,37.3,False,True,True,6,T6,0.7,0.7,False
2026-06-06 09:53:09,BBWI,17.43,1.46,0.0,False,41.9,False,True,True,6,T6,-11.7,-11.7,False
2026-06-06 09:53:09,BTAI,1.11,2.05,0.0,False,37.5,False,True,True,6,T6,-9.4,-9.4,False
2026-06-06 09:53:09,BXC,50.3,1.38,0.0,False,40.6,False,True,True,6,T6,-4.0,-4.0,False
2026-06-06 09:53:09,CDT,0.74,-0.01,0.0,False,15.9,False,True,True,6,T6,-63.3,-63.3,False
2026-06-06 09:53:09,CNXC,27.82,1.01,0.0,False,42.5,False,True,True,6,T6,14.6,14.6,False
2026-06-06 09:53:09,CPS,29.32,1.57,0.0,False,46.9,False,True,True,6,T6,-4.8,-4.8,False
2026-06-06 09:53:09,DJT,8.27,1.73,0.0,False,37.9,False,True,True,6,T6,-7.4,-7.4,False
2026-06-06 09:53:09,EBON,2.1,1.43,0.0,False,37.1,False,True,True,6,T6,-10.5,-10.5,False
2026-06-06 09:53:09,FBIN,39.06,1.2,0.0,False,42.0,False,True,True,6,T6,3.6,3.6,False
2026-06-06 09:53:09,FND,47.41,1.23,0.0,False,38.7,False,True,True,6,T6,-8.4,-8.4,False
2026-06-06 09:53:09,GLBE,32.13,1.56,0.0,False,48.0,False,True,True,6,T6,7.8,7.8,False
2026-06-06 09:53:09,HOV,109.0,1.37,0.0,False,47.7,False,True,True,6,T6,1.2,1.2,False
2026-06-06 09:53:09,IBIO,1.82,1.4,0.0,False,49.2,False,True,True,6,T6,6.4,6.4,False
2026-06-06 09:53:09,IDXX,562.16,0.97,0.0,False,42.6,False,True,True,6,T6,0.4,0.4,False
2026-06-06 09:53:09,IRIX,1.09,1.03,0.0,False,47.3,False,True,True,6,T6,5.8,5.8,False
2026-06-06 09:53:09,JILL,13.08,1.09,0.0,False,45.3,False,True,True,6,T6,-0.9,-0.9,False
2026-06-06 09:53:09,LE,10.66,1.49,0.0,False,39.5,False,True,True,6,T6,-7.5,-7.5,False
2026-06-06 09:53:09,MLCO,5.7,0.92,0.0,False,42.6,False,True,True,6,T6,6.1,6.1,False
2026-06-06 09:53:09,MRNO,0.36,0.27,0.0,False,33.3,False,True,True,6,T6,50.5,50.5,False
2026-06-06 09:53:09,PACB,1.45,2.02,0.0,False,47.7,False,True,True,6,T6,2.8,2.8,False
2026-06-06 09:53:09,PRZO,0.67,0.98,0.0,False,41.4,False,True,True,6,T6,5.2,5.2,False
2026-06-06 09:53:09,QDEL,14.33,1.56,0.0,False,40.7,False,True,True,6,T6,32.7,32.7,False
2026-06-06 09:53:09,QTRX,3.3,1.82,0.0,False,38.7,False,True,True,6,T6,16.8,16.8,False
2026-06-06 09:53:09,RXRX,3.32,2.63,0.0,False,44.0,False,True,True,6,T6,-0.2,-0.2,False
2026-06-06 09:53:09,SKYX,1.07,1.93,0.0,False,39.0,False,True,True,6,T6,-21.3,-21.3,False
2026-06-06 09:53:09,TGLS,42.35,1.21,0.0,False,41.3,False,True,True,6,T6,6.4,6.4,False
2026-06-06 09:53:09,TRIB,0.67,0.9,0.0,False,46.1,False,True,True,6,T6,9.4,9.4,False
2026-06-06 09:53:09,TRU,70.66,1.47,0.0,False,44.9,False,True,True,6,T6,-1.7,-1.7,False
2026-06-06 09:53:09,TWI,7.29,1.57,0.0,False,42.3,False,True,True,6,T6,-7.7,-7.7,False
2026-06-06 09:53:09,WWW,15.9,1.56,0.0,False,42.9,False,True,True,6,T6,-4.8,-4.8,False
2026-06-06 09:53:09,WYNN,104.48,1.1,0.0,False,48.1,False,True,True,6,T6,2.3,2.3,False
2026-06-06 09:53:09,YXT,0.54,0.37,0.0,False,44.5,False,True,True,6,T6,1.5,1.5,False
2026-06-06 11:05:21,STI,35.72,2.33,20.0,True,84.1,True,True,True,4,T4,585.6,585.6,False
2026-06-06 11:05:21,VERU,3.4,1.51,20.0,True,64.0,False,True,True,6,T6,51.8,51.8,False
2026-06-06 11:05:21,ELTX,13.26,0.58,18.94,True,60.8,True,True,True,4,T4,33.8,33.8,False
2026-06-06 11:05:21,AMPX,19.69,2.52,17.62,False,61.8,False,True,True,6,T6,17.9,17.9,False
2026-06-06 11:05:21,BNED,10.37,1.33,11.37,True,56.1,False,True,True,6,T6,-1.4,-1.4,False
2026-06-06 11:05:21,SCOR,7.95,0.87,10.4,False,55.3,True,True,True,5,T5,8.0,8.0,False
2026-06-06 11:05:21,ELOG,1.21,0.29,8.37,True,48.1,False,True,True,6,T6,47.4,47.4,False
2026-06-06 11:05:21,GXAI,1.38,1.26,8.34,True,53.0,True,True,True,4,T4,9.5,9.5,False
2026-06-06 11:05:21,AXON,486.12,1.16,7.18,True,50.3,False,True,True,3,T3,20.5,20.5,False
2026-06-06 11:05:21,CNM,51.97,1.09,6.61,True,51.4,True,True,True,4,T4,5.9,5.9,False
2026-06-06 11:05:21,APTV,68.6,1.18,6.05,True,50.6,True,True,True,4,T4,18.4,18.4,False
2026-06-06 11:05:21,ELAN,23.63,1.31,5.35,False,54.0,False,True,True,6,T6,-0.1,-0.1,False
2026-06-06 11:05:21,AMWD,48.09,1.09,5.04,True,49.9,True,True,True,4,T4,8.5,10.1,False
2026-06-06 11:05:21,CLPR,3.17,0.86,4.76,True,50.6,False,True,True,6,T6,6.7,6.7,False
2026-06-06 11:05:21,STRT,77.31,1.29,2.82,False,51.9,False,True,True,6,T6,23.8,23.8,False
2026-06-06 11:05:21,ULBI,6.69,1.32,2.39,False,51.5,False,True,True,6,T6,12.1,12.1,False
2026-06-06 11:05:21,SENS,6.67,1.62,1.74,False,48.8,False,True,True,6,T6,32.6,32.6,False
2026-06-06 11:05:21,CNVS,2.56,1.28,1.54,True,48.6,False,True,True,3,T3,-0.4,-0.4,False
2026-06-06 11:05:21,APPN,24.73,1.06,1.2,True,47.7,True,True,True,4,T4,12.8,12.8,False
2026-06-06 11:05:21,AIRO,8.29,2.77,0.0,False,42.4,False,True,True,6,T6,12.9,12.9,False
2026-06-06 11:05:21,ARAY,0.34,1.94,0.0,False,32.5,False,True,True,6,T6,-10.0,-10.0,False
2026-06-06 11:05:21,AUID,1.25,1.18,0.0,False,41.6,False,True,True,6,T6,-3.1,-3.1,False
2026-06-06 11:05:21,AZTA,22.69,1.35,0.0,False,44.5,False,True,True,6,T6,18.1,18.1,False
2026-06-06 11:05:21,BAH,79.48,0.32,0.0,False,45.6,False,True,True,6,T6,3.2,3.2,False
2026-06-06 11:05:21,BARK,9.11,1.28,0.0,False,37.3,False,True,True,6,T6,0.7,0.7,False
2026-06-06 11:05:21,BBWI,17.43,1.46,0.0,False,41.9,False,True,True,6,T6,-11.7,-11.7,False
2026-06-06 11:05:21,BTAI,1.11,2.05,0.0,False,37.5,False,True,True,6,T6,-9.4,-9.4,False
2026-06-06 11:05:21,BXC,50.3,1.38,0.0,False,40.6,False,True,True,6,T6,-4.0,-4.0,False
2026-06-06 11:05:21,CDT,0.74,-0.01,0.0,False,15.9,False,True,True,6,T6,-63.3,-63.3,False
2026-06-06 11:05:21,CNXC,27.82,1.01,0.0,False,42.5,False,True,True,6,T6,14.6,14.6,False
2026-06-06 11:05:21,CPS,29.32,1.57,0.0,False,46.9,False,True,True,6,T6,-4.8,-4.8,False
2026-06-06 11:05:21,DJT,8.27,1.73,0.0,False,37.9,False,True,True,6,T6,-7.4,-7.4,False
2026-06-06 11:05:21,EBON,2.1,1.43,0.0,False,37.1,False,True,True,6,T6,-10.5,-10.5,False
2026-06-06 11:05:21,FBIN,39.06,1.2,0.0,False,42.0,False,True,True,6,T6,3.6,3.6,False
2026-06-06 11:05:21,FND,47.41,1.23,0.0,False,38.7,False,True,True,6,T6,-8.4,-8.4,False
2026-06-06 11:05:21,GLBE,32.13,1.56,0.0,False,48.0,False,True,True,6,T6,7.8,7.8,False
2026-06-06 11:05:21,HOV,109.0,1.37,0.0,False,47.7,False,True,True,6,T6,1.2,1.2,False
2026-06-06 11:05:21,IBIO,1.82,1.4,0.0,False,49.2,False,True,True,6,T6,6.4,6.4,False
2026-06-06 11:05:21,IDXX,562.16,0.97,0.0,False,42.6,False,True,True,6,T6,0.4,0.4,False
2026-06-06 11:05:21,IRIX,1.09,1.03,0.0,False,47.3,False,True,True,6,T6,5.8,5.8,False
2026-06-06 11:05:21,JILL,13.08,1.09,0.0,False,45.3,False,True,True,6,T6,-0.9,-0.9,False
2026-06-06 11:05:21,LE,10.66,1.49,0.0,False,39.5,False,True,True,6,T6,-7.5,-7.5,False
2026-06-06 11:05:21,MLCO,5.7,0.92,0.0,False,42.6,False,True,True,6,T6,6.1,6.1,False
2026-06-06 11:05:21,MRNO,0.36,0.27,0.0,False,33.3,False,True,True,6,T6,50.5,50.5,False
2026-06-06 11:05:21,PACB,1.45,2.02,0.0,False,47.7,False,True,True,6,T6,2.8,2.8,False
2026-06-06 11:05:21,PRZO,0.67,0.98,0.0,False,41.4,False,True,True,6,T6,5.2,5.2,False
2026-06-06 11:05:21,QDEL,14.33,1.56,0.0,False,40.7,False,True,True,6,T6,32.7,32.7,False
2026-06-06 11:05:21,QTRX,3.3,1.82,0.0,False,38.7,False,True,True,6,T6,16.8,16.8,False
2026-06-06 11:05:21,RXRX,3.32,2.63,0.0,False,44.0,False,True,True,6,T6,-0.2,-0.2,False
2026-06-06 11:05:21,SKYX,1.07,1.93,0.0,False,39.0,False,True,True,6,T6,-21.3,-21.3,False
2026-06-06 11:05:21,TGLS,42.35,1.21,0.0,False,41.3,False,True,True,6,T6,6.4,6.4,False
2026-06-06 11:05:21,TRIB,0.67,0.9,0.0,False,46.1,False,True,True,6,T6,9.4,9.4,False
2026-06-06 11:05:21,TRU,70.66,1.47,0.0,False,44.9,False,True,True,6,T6,-1.7,-1.7,False
2026-06-06 11:05:21,TWI,7.29,1.57,0.0,False,42.3,False,True,True,6,T6,-7.7,-7.7,False
2026-06-06 11:05:21,WWW,15.9,1.56,0.0,False,42.9,False,True,True,6,T6,-4.8,-4.8,False
2026-06-06 11:05:21,WYNN,104.48,1.1,0.0,False,48.1,False,True,True,6,T6,2.3,2.3,False
2026-06-06 11:05:21,YXT,0.54,0.37,0.0,False,44.5,False,True,True,6,T6,1.5,1.5,False
